{"acteur": {"@xmlns": "http://schemas.assemblee-nationale.fr/referentiel", "uid": {"@xmlns:xsi": "http://www.w3.org/2001/XMLSchema-instance", "@xsi:type": "IdActeur_type", "#text": "PA410"}, "etatCivil": {"ident": {"civ": "M.", "prenom": "Fran\u00e7ois", "nom": "Bayrou", "alpha": "Bayrou", "trigramme": {"@xmlns:xsi": "http://www.w3.org/2001/XMLSchema-instance", "@xsi:nil": "true"}}, "infoNaissance": {"dateNais": "1951-05-25", "villeNais": "Bord\u00e8res", "depNais": "Pyr\u00e9n\u00e9es-Atlantiques", "paysNais": "France"}, "dateDeces": {"@xmlns:xsi": "http://www.w3.org/2001/XMLSchema-instance", "@xsi:nil": "true"}}, "profession": {"libelleCourant": "Professeur agr\u00e9g\u00e9 de lettres", "socProcINSEE": {"catSocPro": "Cadres de la fonction publique, professions intellectuelles et  artistiques", "famSocPro": "Cadres et professions intellectuelles sup\u00e9rieures"}}, "uri_hatvp": {"@xmlns:xsi": "http://www.w3.org/2001/XMLSchema-instance", "@xsi:nil": "true"}, "adresses": {"adresse": [{"@xmlns:xsi": "http://www.w3.org/2001/XMLSchema-instance", "@xsi:type": "AdressePostale_Type", "uid": "AD13883", "type": "1", "typeLibelle": "Adresse publi\u00e9e pour Paris ou sa r\u00e9gion", "poids": "11", "adresseDeRattachement": null, "intitule": "MoDem", "numeroRue": "133 Bis", "nomRue": "Rue de l'Universit\u00e9,", "complementAdresse": null, "codePostal": "75007", "ville": "Paris"}, {"@xmlns:xsi": "http://www.w3.org/2001/XMLSchema-instance", "@xsi:type": "AdresseTelephonique_Type", "uid": "AD13884", "type": "11", "typeLibelle": "T\u00e9l\u00e9phone", "poids": "11", "adresseDeRattachement": "AD13883", "valElec": "01 53 59 20 00"}, {"@xmlns:xsi": "http://www.w3.org/2001/XMLSchema-instance", "@xsi:type": "AdresseMail_Type", "uid": "AD191474", "type": "15", "typeLibelle": "M\u00e8l", "poids": null, "adresseDeRattachement": null, "valElec": "f.bayrou@lesdemocrates.fr"}, {"@xmlns:xsi": "http://www.w3.org/2001/XMLSchema-instance", "@xsi:type": "AdressePostale_Type", "uid": "AD386909", "type": "0", "typeLibelle": "Adresse officielle", "poids": "1", "adresseDeRattachement": null, "intitule": "Assembl\u00e9e nationale,", "numeroRue": "126", "nomRue": "Rue de l'Universit\u00e9,", "complementAdresse": null, "codePostal": "75355", "ville": "Paris 07 SP"}, {"@xmlns:xsi": "http://www.w3.org/2001/XMLSchema-instance", "@xsi:type": "AdresseMail_Type", "uid": "AD391630", "type": "15", "typeLibelle": "M\u00e8l", "poids": null, "adresseDeRattachement": null, "valElec": "fbayrou@assemblee-nationale.fr"}]}, "mandats": {"mandat": [{"@xmlns:xsi": "http://www.w3.org/2001/XMLSchema-instance", "@xsi:type": "MandatSimple_Type", "uid": "PM15855580", "acteurRef": "PA410", "legislature": null, "typeOrgane": "GOUVERNEMENT", "dateDebut": "2024-12-14", "datePublication": "2024-12-14", "dateFin": "2025-09-09", "preseance": "50", "nominPrincipale": "1", "infosQualite": {"codeQualite": "membre", "libQualite": "membre", "libQualiteSex": "membre"}, "organes": {"organeRef": "PO855052"}}, {"@xmlns:xsi": "http://www.w3.org/2001/XMLSchema-instance", "@xsi:type": "MandatSimple_Type", "uid": "PM15855113", "acteurRef": "PA410", "legislature": null, "typeOrgane": "GOUVERNEMENT", "dateDebut": "2024-12-14", "datePublication": "2024-12-14", "dateFin": null, "preseance": "50", "nominPrincipale": "1", "infosQualite": {"codeQualite": "membre", "libQualite": "membre", "libQualiteSex": "membre"}, "organes": {"organeRef": "PO855052"}}, {"@xmlns:xsi": "http://www.w3.org/2001/XMLSchema-instance", "@xsi:type": "MandatSimple_Type", "uid": "PM855580", "acteurRef": "PA410", "legislature": null, "typeOrgane": "MINISTERE", "dateDebut": "2024-12-14", "datePublication": "2024-12-14", "dateFin": "2025-09-09", "preseance": "1", "nominPrincipale": "1", "infosQualite": {"codeQualite": "Premier ministre", "libQualite": "Premier ministre", "libQualiteSex": "Premier ministre"}, "organes": {"organeRef": "PO855062"}}]}}}