{"acteur": {"@xmlns": "http://schemas.assemblee-nationale.fr/referentiel", "uid": {"@xmlns:xsi": "http://www.w3.org/2001/XMLSchema-instance", "@xsi:type": "IdActeur_type", "#text": "PA720038"}, "etatCivil": {"ident": {"civ": "Mme", "prenom": "Sandrine", "nom": "Josso", "alpha": "Josso", "trigramme": "SJO"}, "infoNaissance": {"dateNais": "1975-09-19", "villeNais": "Gu\u00e9rande", "depNais": "Loire-Atlantique", "paysNais": "France"}, "dateDeces": {"@xmlns:xsi": "http://www.w3.org/2001/XMLSchema-instance", "@xsi:nil": "true"}}, "profession": {"libelleCourant": "Autre profession lib\u00e9rale", "socProcINSEE": {"catSocPro": "Professions lib\u00e9rales", "famSocPro": "Cadres et professions intellectuelles sup\u00e9rieures"}}, "uri_hatvp": "https://www.hatvp.fr/pages_nominatives/josso-sandrine", "adresses": {"adresse": [{"@xmlns:xsi": "http://www.w3.org/2001/XMLSchema-instance", "@xsi:type": "AdressePostale_Type", "uid": "AD720040", "type": "0", "typeLibelle": "Adresse officielle", "poids": "1", "adresseDeRattachement": null, "intitule": "Assembl\u00e9e nationale,", "numeroRue": "126", "nomRue": "Rue de l'Universit\u00e9,", "complementAdresse": null, "codePostal": "75355", "ville": "Paris 07 SP"}, {"@xmlns:xsi": "http://www.w3.org/2001/XMLSchema-instance", "@xsi:type": "AdresseSiteWeb_Type", "uid": "AD730170", "type": "24", "typeLibelle": "Twitter", "poids": null, "adresseDeRattachement": null, "valElec": "@sandrinejossoan"}, {"@xmlns:xsi": "http://www.w3.org/2001/XMLSchema-instance", "@xsi:type": "AdresseSiteWeb_Type", "uid": "AD730228", "type": "25", "typeLibelle": "Facebook", "poids": null, "adresseDeRattachement": null, "valElec": "Sandrinejosso2017"}, {"@xmlns:xsi": "http://www.w3.org/2001/XMLSchema-instance", "@xsi:type": "AdresseMail_Type", "uid": "AD799291", "type": "15", "typeLibelle": "M\u00e8l", "poids": null, "adresseDeRattachement": null, "valElec": "Sandrine.Josso@assemblee-nationale.fr"}, {"@xmlns:xsi": "http://www.w3.org/2001/XMLSchema-instance", "@xsi:type": "AdresseSiteWeb_Type", "uid": "AD844002", "type": "29", "typeLibelle": "Instagram", "poids": null, "adresseDeRattachement": null, "valElec": "@sandrinejosso2024"}, {"@xmlns:xsi": "http://www.w3.org/2001/XMLSchema-instance", "@xsi:type": "AdresseSiteWeb_Type", "uid": "AD844032", "type": "30", "typeLibelle": "Linkedin", "poids": null, "adresseDeRattachement": null, "valElec": "/in/sandrine-josso-073b37167"}]}, "mandats": {"mandat": [{"@xmlns:xsi": "http://www.w3.org/2001/XMLSchema-instance", "@xsi:type": "MandatSimple_Type", "uid": "PM847469", "acteurRef": "PA720038", "legislature": "17", "typeOrgane": "DELEG", "dateDebut": "2024-09-20", "datePublication": "2024-09-20", "dateFin": null, "preseance": "20", "nominPrincipale": "1", "infosQualite": {"codeQualite": "Membre", "libQualite": "Membre", "libQualiteSex": "Membre"}, "organes": {"organeRef": "PO201269"}}, {"@xmlns:xsi": "http://www.w3.org/2001/XMLSchema-instance", "@xsi:type": "MandatSimple_Type", "uid": "PM852822", "acteurRef": "PA720038", "legislature": null, "typeOrgane": "PARPOL", "dateDebut": "2024-12-04", "datePublication": "2024-12-04", "dateFin": null, "preseance": "5", "nominPrincipale": "1", "infosQualite": {"codeQualite": "Membre", "libQualite": "Membre", "libQualiteSex": "Membre"}, "organes": {"organeRef": "PO833003"}}, {"@xmlns:xsi": "http://www.w3.org/2001/XMLSchema-instance", "@xsi:type": "MandatSimple_Type", "uid": "PM872125", "acteurRef": "PA720038", "legislature": "17", "typeOrgane": "CNPE", "dateDebut": "2025-07-01", "datePublication": "2025-07-02", "dateFin": null, "preseance": "20", "nominPrincipale": "1", "infosQualite": {"codeQualite": "Membre", "libQualite": "Membre", "libQualiteSex": "Membre"}, "organes": {"organeRef": "PO872098"}}, {"@xmlns:xsi": "http://www.w3.org/2001/XMLSchema-instance", "@xsi:type": "MandatSimple_Type", "uid": "PM853186", "acteurRef": "PA720038", "legislature": "17", "typeOrgane": "ORGEXTPARL", "dateDebut": "2024-12-06", "datePublication": "2024-12-07", "dateFin": null, "preseance": "20", "nominPrincipale": "1", "infosQualite": {"codeQualite": "Titulaire", "libQualite": "Membre titulaire", "libQualiteSex": "Membre titulaire"}, "organes": {"organeRef": "PO717436"}}, {"@xmlns:xsi": "http://www.w3.org/2001/XMLSchema-instance", "@xsi:type": "MandatSimple_Type", "uid": "PM845710", "acteurRef": "PA720038", "legislature": "17", "typeOrgane": "GP", "dateDebut": "2024-07-19", "datePublication": "2024-07-19", "dateFin": null, "preseance": "20", "nominPrincipale": "1", "infosQualite": {"codeQualite": "Membre", "libQualite": "Membre du", "libQualiteSex": "Membre du"}, "organes": {"organeRef": "PO845454"}}, {"@xmlns:xsi": "http://www.w3.org/2001/XMLSchema-instance", "@xsi:type": "MandatMission_Type", "uid": "PM855634", "acteurRef": "PA720038", "legislature": "17", "typeOrgane": "MINISTERE", "dateDebut": "2024-12-24", "datePublication": null, "dateFin": "2025-05-14", "preseance": "1", "nominPrincipale": "1", "infosQualite": {"codeQualite": "en mission", "libQualite": "en mission", "libQualiteSex": "en mission"}, "organes": {"organeRef": "PO855156"}, "libelle": "La soumission chimique comme forme de violence faite aux femmes", "missionSuivanteRef": null, "missionPrecedenteRef": "PM850577"}, {"@xmlns:xsi": "http://www.w3.org/2001/XMLSchema-instance", "@xsi:type": "MandatMission_Type", "uid": "PM850577", "acteurRef": "PA720038", "legislature": "17", "typeOrgane": "MINISTERE", "dateDebut": "2024-11-15", "datePublication": null, "dateFin": "2024-12-13", "preseance": "1", "nominPrincipale": "1", "infosQualite": {"codeQualite": "en mission", "libQualite": "en mission", "libQualiteSex": "en mission"}, "organes": {"organeRef": "PO847732"}, "libelle": "La soumission chimique comme forme de violence faite aux femmes", "missionSuivanteRef": null, "missionPrecedenteRef": null}, {"@xmlns:xsi": "http://www.w3.org/2001/XMLSchema-instance", "@xsi:type": "MandatSimple_Type", "uid": "PM862484", "acteurRef": "PA720038", "legislature": "17", "typeOrgane": "COMPER", "dateDebut": "2025-02-05", "datePublication": "2025-02-05", "dateFin": "2025-02-05", "preseance": "32", "nominPrincipale": "1", "infosQualite": {"codeQualite": "Membre", "libQualite": "Membre", "libQualiteSex": "Membre"}, "organes": {"organeRef": "PO420120"}}, {"@xmlns:xsi": "http://www.w3.org/2001/XMLSchema-instance", "@xsi:type": "MandatSimple_Type", "uid": "PM846451", "acteurRef": "PA720038", "legislature": "17", "typeOrgane": "COMPER", "dateDebut": "2024-07-20", "datePublication": "2024-07-20", "dateFin": "2025-01-21", "preseance": "32", "nominPrincipale": "1", "infosQualite": {"codeQualite": "Membre", "libQualite": "Membre", "libQualiteSex": "Membre"}, "organes": {"organeRef": "PO419865"}}, {"@xmlns:xsi": "http://www.w3.org/2001/XMLSchema-instance", "@xsi:type": "MandatSimple_Type", "uid": "PM857219", "acteurRef": "PA720038", "legislature": "17", "typeOrgane": "COMPER", "dateDebut": "2025-01-22", "datePublication": "2025-01-22", "dateFin": "2025-01-22", "preseance": "32", "nominPrincipale": "1", "infosQualite": {"codeQualite": "Membre", "libQualite": "Membre", "libQualiteSex": "Membre"}, "organes": {"organeRef": "PO59051"}}, {"@xmlns:xsi": "http://www.w3.org/2001/XMLSchema-instance", "@xsi:type": "MandatSimple_Type", "uid": "PM865438", "acteurRef": "PA720038", "legislature": "17", "typeOrgane": "COMPER", "dateDebut": "2025-02-20", "datePublication": "2025-02-20", "dateFin": "2025-04-01", "preseance": "32", "nominPrincipale": "1", "infosQualite": {"codeQualite": "Membre", "libQualite": "Membre", "libQualiteSex": "Membre"}, "organes": {"organeRef": "PO419865"}}, {"@xmlns:xsi": "http://www.w3.org/2001/XMLSchema-instance", "@xsi:type": "MandatSimple_Type", "uid": "PM865157", "acteurRef": "PA720038", "legislature": "17", "typeOrgane": "COMPER", "dateDebut": "2025-02-19", "datePublication": "2025-02-19", "dateFin": "2025-02-19", "preseance": "32", "nominPrincipale": "1", "infosQualite": {"codeQualite": "Membre", "libQualite": "Membre", "libQualiteSex": "Membre"}, "organes": {"organeRef": "PO59048"}}, {"@xmlns:xsi": "http://www.w3.org/2001/XMLSchema-instance", "@xsi:type": "MandatSimple_Type", "uid": "PM871344", "acteurRef": "PA720038", "legislature": "17", "typeOrgane": "COMPER", "dateDebut": "2025-06-18", "datePublication": "2025-06-18", "dateFin": "2025-06-18", "preseance": "32", "nominPrincipale": "1", "infosQualite": {"codeQualite": "Membre", "libQualite": "Membre", "libQualiteSex": "Membre"}, "organes": {"organeRef": "PO420120"}}, {"@xmlns:xsi": "http://www.w3.org/2001/XMLSchema-instance", "@xsi:type": "MandatSimple_Type", "uid": "PM868115", "acteurRef": "PA720038", "legislature": "17", "typeOrgane": "COMPER", "dateDebut": "2025-04-03", "datePublication": "2025-04-03", "dateFin": "2025-06-17", "preseance": "32", "nominPrincipale": "1", "infosQualite": {"codeQualite": "Membre", "libQualite": "Membre", "libQualiteSex": "Membre"}, "organes": {"organeRef": "PO419865"}}, {"@xmlns:xsi": "http://www.w3.org/2001/XMLSchema-instance", "@xsi:type": "MandatSimple_Type", "uid": "PM871460", "acteurRef": "PA720038", "legislature": "17", "typeOrgane": "COMPER", "dateDebut": "2025-06-19", "datePublication": "2025-06-19", "dateFin": null, "preseance": "32", "nominPrincipale": "1", "infosQualite": {"codeQualite": "Membre", "libQualite": "Membre", "libQualiteSex": "Membre"}, "organes": {"organeRef": "PO419865"}}, {"@xmlns:xsi": "http://www.w3.org/2001/XMLSchema-instance", "@xsi:type": "MandatSimple_Type", "uid": "PM864437", "acteurRef": "PA720038", "legislature": "17", "typeOrgane": "COMPER", "dateDebut": "2025-02-13", "datePublication": "2025-02-13", "dateFin": "2025-02-18", "preseance": "32", "nominPrincipale": "1", "infosQualite": {"codeQualite": "Membre", "libQualite": "Membre", "libQualiteSex": "Membre"}, "organes": {"organeRef": "PO419865"}}, {"@xmlns:xsi": "http://www.w3.org/2001/XMLSchema-instance", "@xsi:type": "MandatSimple_Type", "uid": "PM857615", "acteurRef": "PA720038", "legislature": "17", "typeOrgane": "COMPER", "dateDebut": "2025-01-23", "datePublication": "2025-01-23", "dateFin": "2025-02-04", "preseance": "32", "nominPrincipale": "1", "infosQualite": {"codeQualite": "Membre", "libQualite": "Membre", "libQualiteSex": "Membre"}, "organes": {"organeRef": "PO419865"}}, {"@xmlns:xsi": "http://www.w3.org/2001/XMLSchema-instance", "@xsi:type": "MandatSimple_Type", "uid": "PM867990", "acteurRef": "PA720038", "legislature": "17", "typeOrgane": "COMPER", "dateDebut": "2025-04-02", "datePublication": "2025-04-02", "dateFin": "2025-04-02", "preseance": "32", "nominPrincipale": "1", "infosQualite": {"codeQualite": "Membre", "libQualite": "Membre", "libQualiteSex": "Membre"}, "organes": {"organeRef": "PO59048"}}, {"@xmlns:xsi": "http://www.w3.org/2001/XMLSchema-instance", "@xsi:type": "MandatSimple_Type", "uid": "PM864257", "acteurRef": "PA720038", "legislature": "17", "typeOrgane": "COMPER", "dateDebut": "2025-02-12", "datePublication": "2025-02-12", "dateFin": "2025-02-12", "preseance": "32", "nominPrincipale": "1", "infosQualite": {"codeQualite": "Membre", "libQualite": "Membre", "libQualiteSex": "Membre"}, "organes": {"organeRef": "PO420120"}}, {"@xmlns:xsi": "http://www.w3.org/2001/XMLSchema-instance", "@xsi:type": "MandatSimple_Type", "uid": "PM862977", "acteurRef": "PA720038", "legislature": "17", "typeOrgane": "COMPER", "dateDebut": "2025-02-06", "datePublication": "2025-02-06", "dateFin": "2025-02-11", "preseance": "32", "nominPrincipale": "1", "infosQualite": {"codeQualite": "Membre", "libQualite": "Membre", "libQualiteSex": "Membre"}, "organes": {"organeRef": "PO419865"}}, {"@xmlns:xsi": "http://www.w3.org/2001/XMLSchema-instance", "@xsi:type": "MandatSimple_Type", "uid": "PM863940", "acteurRef": "PA720038", "legislature": "17", "typeOrgane": "GE", "dateDebut": "2025-02-11", "datePublication": null, "dateFin": null, "preseance": "20", "nominPrincipale": "1", "infosQualite": {"codeQualite": "Membre", "libQualite": "Membre", "libQualiteSex": "Membre"}, "organes": {"organeRef": "PO854417"}}, {"@xmlns:xsi": "http://www.w3.org/2001/XMLSchema-instance", "@xsi:type": "MandatSimple_Type", "uid": "PM863942", "acteurRef": "PA720038", "legislature": "17", "typeOrgane": "GE", "dateDebut": "2025-02-11", "datePublication": null, "dateFin": null, "preseance": "20", "nominPrincipale": "1", "infosQualite": {"codeQualite": "Membre", "libQualite": "Membre", "libQualiteSex": "Membre"}, "organes": {"organeRef": "PO854471"}}, {"@xmlns:xsi": "http://www.w3.org/2001/XMLSchema-instance", "@xsi:type": "MandatSimple_Type", "uid": "PM857121", "acteurRef": "PA720038", "legislature": "17", "typeOrgane": "GE", "dateDebut": "2025-01-21", "datePublication": null, "dateFin": null, "preseance": "20", "nominPrincipale": "0", "infosQualite": {"codeQualite": "Membre", "libQualite": "Membre", "libQualiteSex": "Membre"}, "organes": {"organeRef": "PO854251"}}, {"@xmlns:xsi": "http://www.w3.org/2001/XMLSchema-instance", "@xsi:type": "MandatSimple_Type", "uid": "PM856997", "acteurRef": "PA720038", "legislature": "17", "typeOrgane": "GE", "dateDebut": "2025-01-20", "datePublication": null, "dateFin": null, "preseance": "20", "nominPrincipale": "0", "infosQualite": {"codeQualite": "Membre", "libQualite": "Membre", "libQualiteSex": "Membre"}, "organes": {"organeRef": "PO854380"}}, {"@xmlns:xsi": "http://www.w3.org/2001/XMLSchema-instance", "@xsi:type": "MandatSimple_Type", "uid": "PM872727", "acteurRef": "PA720038", "legislature": "17", "typeOrgane": "GE", "dateDebut": "2025-07-22", "datePublication": null, "dateFin": null, "preseance": "20", "nominPrincipale": "1", "infosQualite": {"codeQualite": "Membre", "libQualite": "Membre", "libQualiteSex": "Membre"}, "organes": {"organeRef": "PO854486"}}, {"@xmlns:xsi": "http://www.w3.org/2001/XMLSchema-instance", "@xsi:type": "MandatSimple_Type", "uid": "PM863941", "acteurRef": "PA720038", "legislature": "17", "typeOrgane": "GE", "dateDebut": "2025-02-11", "datePublication": null, "dateFin": null, "preseance": "20", "nominPrincipale": "1", "infosQualite": {"codeQualite": "Membre", "libQualite": "Membre", "libQualiteSex": "Membre"}, "organes": {"organeRef": "PO854308"}}, {"@xmlns:xsi": "http://www.w3.org/2001/XMLSchema-instance", "@xsi:type": "MandatSimple_Type", "uid": "PM863939", "acteurRef": "PA720038", "legislature": "17", "typeOrgane": "GE", "dateDebut": "2025-02-11", "datePublication": null, "dateFin": null, "preseance": "20", "nominPrincipale": "1", "infosQualite": {"codeQualite": "Membre", "libQualite": "Membre", "libQualiteSex": "Membre"}, "organes": {"organeRef": "PO854497"}}, {"@xmlns:xsi": "http://www.w3.org/2001/XMLSchema-instance", "@xsi:type": "MandatSimple_Type", "uid": "PM863943", "acteurRef": "PA720038", "legislature": "17", "typeOrgane": "GE", "dateDebut": "2025-02-11", "datePublication": null, "dateFin": null, "preseance": "20", "nominPrincipale": "1", "infosQualite": {"codeQualite": "Membre", "libQualite": "Membre", "libQualiteSex": "Membre"}, "organes": {"organeRef": "PO854328"}}, {"@xmlns:xsi": "http://www.w3.org/2001/XMLSchema-instance", "@xsi:type": "MandatSimple_Type", "uid": "PM856998", "acteurRef": "PA720038", "legislature": "17", "typeOrgane": "GE", "dateDebut": "2025-01-20", "datePublication": null, "dateFin": null, "preseance": "20", "nominPrincipale": "1", "infosQualite": {"codeQualite": "Membre", "libQualite": "Membre", "libQualiteSex": "Membre"}, "organes": {"organeRef": "PO854561"}}, {"@xmlns:xsi": "http://www.w3.org/2001/XMLSchema-instance", "@xsi:type": "MandatSimple_Type", "uid": "PM868793", "acteurRef": "PA720038", "legislature": "17", "typeOrgane": "GE", "dateDebut": "2025-02-20", "datePublication": null, "dateFin": null, "preseance": "12", "nominPrincipale": "1", "infosQualite": {"codeQualite": "Secr\u00e9taire", "libQualite": "Secr\u00e9taire", "libQualiteSex": "Secr\u00e9taire"}, "organes": {"organeRef": "PO854380"}}, {"@xmlns:xsi": "http://www.w3.org/2001/XMLSchema-instance", "@xsi:type": "MandatSimple_Type", "uid": "PM842922", "acteurRef": "PA720038", "legislature": "17", "typeOrgane": "GP", "dateDebut": "2024-07-08", "datePublication": null, "dateFin": "2024-07-18", "preseance": "28", "nominPrincipale": "1", "infosQualite": {"codeQualite": "D\u00e9put\u00e9 non-inscrit", "libQualite": "D\u00e9put\u00e9 non-inscrit", "libQualiteSex": "D\u00e9put\u00e9e non-inscrite"}, "organes": {"organeRef": "PO840056"}}, {"@xmlns:xsi": "http://www.w3.org/2001/XMLSchema-instance", "@xsi:type": "MandatSimple_Type", "uid": "PM860338", "acteurRef": "PA720038", "legislature": "17", "typeOrgane": "GA", "dateDebut": "2025-01-28", "datePublication": null, "dateFin": null, "preseance": "20", "nominPrincipale": "1", "infosQualite": {"codeQualite": "Membre", "libQualite": "Membre", "libQualiteSex": "Membre"}, "organes": {"organeRef": "PO851467"}}, {"@xmlns:xsi": "http://www.w3.org/2001/XMLSchema-instance", "@xsi:type": "MandatSimple_Type", "uid": "PM863944", "acteurRef": "PA720038", "legislature": "17", "typeOrgane": "GA", "dateDebut": "2025-02-11", "datePublication": null, "dateFin": null, "preseance": "20", "nominPrincipale": "1", "infosQualite": {"codeQualite": "Membre", "libQualite": "Membre", "libQualiteSex": "Membre"}, "organes": {"organeRef": "PO851577"}}, {"@xmlns:xsi": "http://www.w3.org/2001/XMLSchema-instance", "@xsi:type": "MandatSimple_Type", "uid": "PM863946", "acteurRef": "PA720038", "legislature": "17", "typeOrgane": "GA", "dateDebut": "2025-02-11", "datePublication": null, "dateFin": null, "preseance": "20", "nominPrincipale": "0", "infosQualite": {"codeQualite": "Membre", "libQualite": "Membre", "libQualiteSex": "Membre"}, "organes": {"organeRef": "PO851617"}}, {"@xmlns:xsi": "http://www.w3.org/2001/XMLSchema-instance", "@xsi:type": "MandatSimple_Type", "uid": "PM863948", "acteurRef": "PA720038", "legislature": "17", "typeOrgane": "GA", "dateDebut": "2025-02-11", "datePublication": null, "dateFin": null, "preseance": "20", "nominPrincipale": "0", "infosQualite": {"codeQualite": "Membre", "libQualite": "Membre", "libQualiteSex": "Membre"}, "organes": {"organeRef": "PO851678"}}, {"@xmlns:xsi": "http://www.w3.org/2001/XMLSchema-instance", "@xsi:type": "MandatSimple_Type", "uid": "PM860337", "acteurRef": "PA720038", "legislature": "17", "typeOrgane": "GA", "dateDebut": "2025-01-28", "datePublication": null, "dateFin": null, "preseance": "20", "nominPrincipale": "1", "infosQualite": {"codeQualite": "Membre", "libQualite": "Membre", "libQualiteSex": "Membre"}, "organes": {"organeRef": "PO851612"}}, {"@xmlns:xsi": "http://www.w3.org/2001/XMLSchema-instance", "@xsi:type": "MandatSimple_Type", "uid": "PM860339", "acteurRef": "PA720038", "legislature": "17", "typeOrgane": "GA", "dateDebut": "2025-01-28", "datePublication": null, "dateFin": null, "preseance": "20", "nominPrincipale": "1", "infosQualite": {"codeQualite": "Membre", "libQualite": "Membre", "libQualiteSex": "Membre"}, "organes": {"organeRef": "PO851924"}}, {"@xmlns:xsi": "http://www.w3.org/2001/XMLSchema-instance", "@xsi:type": "MandatSimple_Type", "uid": "PM863945", "acteurRef": "PA720038", "legislature": "17", "typeOrgane": "GA", "dateDebut": "2025-02-11", "datePublication": null, "dateFin": null, "preseance": "20", "nominPrincipale": "1", "infosQualite": {"codeQualite": "Membre", "libQualite": "Membre", "libQualiteSex": "Membre"}, "organes": {"organeRef": "PO851269"}}, {"@xmlns:xsi": "http://www.w3.org/2001/XMLSchema-instance", "@xsi:type": "MandatSimple_Type", "uid": "PM863949", "acteurRef": "PA720038", "legislature": "17", "typeOrgane": "GA", "dateDebut": "2025-02-11", "datePublication": null, "dateFin": null, "preseance": "20", "nominPrincipale": "1", "infosQualite": {"codeQualite": "Membre", "libQualite": "Membre", "libQualiteSex": "Membre"}, "organes": {"organeRef": "PO851344"}}, {"@xmlns:xsi": "http://www.w3.org/2001/XMLSchema-instance", "@xsi:type": "MandatSimple_Type", "uid": "PM859897", "acteurRef": "PA720038", "legislature": "17", "typeOrgane": "GE", "dateDebut": "2025-01-28", "datePublication": null, "dateFin": null, "preseance": "4", "nominPrincipale": "1", "infosQualite": {"codeQualite": "Co-Pr\u00e9sident", "libQualite": "Co-Pr\u00e9sident", "libQualiteSex": "Co-Pr\u00e9sidente"}, "organes": {"organeRef": "PO854251"}}, {"@xmlns:xsi": "http://www.w3.org/2001/XMLSchema-instance", "@xsi:type": "MandatSimple_Type", "uid": "PM864101", "acteurRef": "PA720038", "legislature": "17", "typeOrgane": "GA", "dateDebut": "2025-02-11", "datePublication": null, "dateFin": null, "preseance": "8", "nominPrincipale": "1", "infosQualite": {"codeQualite": "Vice-Pr\u00e9sident", "libQualite": "Vice-Pr\u00e9sident", "libQualiteSex": "Vice-Pr\u00e9sidente"}, "organes": {"organeRef": "PO851617"}}, {"@xmlns:xsi": "http://www.w3.org/2001/XMLSchema-instance", "@xsi:type": "MandatSimple_Type", "uid": "PM864534", "acteurRef": "PA720038", "legislature": "17", "typeOrgane": "GA", "dateDebut": "2025-02-13", "datePublication": null, "dateFin": null, "preseance": "8", "nominPrincipale": "1", "infosQualite": {"codeQualite": "Vice-Pr\u00e9sident", "libQualite": "Vice-Pr\u00e9sident", "libQualiteSex": "Vice-Pr\u00e9sidente"}, "organes": {"organeRef": "PO851678"}}, {"@xmlns:xsi": "http://www.w3.org/2001/XMLSchema-instance", "@xsi:type": "MandatParlementaire_type", "uid": "PM842921", "acteurRef": "PA720038", "legislature": "17", "typeOrgane": "ASSEMBLEE", "dateDebut": "2024-07-07", "datePublication": null, "dateFin": null, "preseance": "50", "nominPrincipale": "1", "infosQualite": {"codeQualite": "membre", "libQualite": "membre", "libQualiteSex": "membre"}, "organes": {"organeRef": "PO838901"}, "suppleants": {"suppleant": {"dateDebut": "2024-07-07", "dateFin": null, "suppleantRef": "PA720006"}}, "chambre": null, "election": {"lieu": {"region": "Pays de la Loire", "regionType": "M\u00e9tropolitain", "departement": "Loire-Atlantique", "numDepartement": "44", "numCirco": "7"}, "causeMandat": "\u00e9lections g\u00e9n\u00e9rales", "refCirconscription": "PO839415"}, "mandature": {"datePriseFonction": "2024-07-08", "causeFin": null, "premiereElection": "1", "placeHemicycle": "346", "mandatRemplaceRef": null}, "collaborateurs": {"collaborateur": [{"qualite": "Mme", "prenom": "Anne", "nom": "Thibierge", "dateDebut": null, "dateFin": null}, {"qualite": "Mme", "prenom": "Sophie", "nom": "Roulet", "dateDebut": null, "dateFin": null}, {"qualite": "M.", "prenom": "Dominique", "nom": "Maisonneuve", "dateDebut": null, "dateFin": null}, {"qualite": "Mme", "prenom": "Perrine", "nom": "Sailly", "dateDebut": null, "dateFin": null}, {"qualite": "Mme", "prenom": "Corinne", "nom": "Jouan Cou\u00ebdro", "dateDebut": null, "dateFin": null}]}}]}}}