{"acteur": {"@xmlns": "http://schemas.assemblee-nationale.fr/referentiel", "uid": {"@xmlns:xsi": "http://www.w3.org/2001/XMLSchema-instance", "@xsi:type": "IdActeur_type", "#text": "PA736235"}, "etatCivil": {"ident": {"civ": "Mme", "prenom": "Nathalie", "nom": "Delattre", "alpha": "Delattre_nathalie", "trigramme": {"@xmlns:xsi": "http://www.w3.org/2001/XMLSchema-instance", "@xsi:nil": "true"}}, "infoNaissance": {"dateNais": "1968-12-02", "villeNais": {"@xmlns:xsi": "http://www.w3.org/2001/XMLSchema-instance", "@xsi:nil": "true"}, "depNais": {"@xmlns:xsi": "http://www.w3.org/2001/XMLSchema-instance", "@xsi:nil": "true"}, "paysNais": {"@xmlns:xsi": "http://www.w3.org/2001/XMLSchema-instance", "@xsi:nil": "true"}}, "dateDeces": {"@xmlns:xsi": "http://www.w3.org/2001/XMLSchema-instance", "@xsi:nil": "true"}}, "profession": {"libelleCourant": {"@xmlns:xsi": "http://www.w3.org/2001/XMLSchema-instance", "@xsi:nil": "true"}, "socProcINSEE": {"catSocPro": {"@xmlns:xsi": "http://www.w3.org/2001/XMLSchema-instance", "@xsi:nil": "true"}, "famSocPro": {"@xmlns:xsi": "http://www.w3.org/2001/XMLSchema-instance", "@xsi:nil": "true"}}}, "uri_hatvp": {"@xmlns:xsi": "http://www.w3.org/2001/XMLSchema-instance", "@xsi:nil": "true"}, "adresses": {"adresse": {"@xmlns:xsi": "http://www.w3.org/2001/XMLSchema-instance", "@xsi:type": "AdresseSiteWeb_Type", "uid": "AD736535", "type": "23", "typeLibelle": "Url s\u00e9nateur", "poids": null, "adresseDeRattachement": null, "valElec": "https://www.senat.fr/senateur/delattre_nathalie19719d.html"}}, "mandats": {"mandat": [{"@xmlns:xsi": "http://www.w3.org/2001/XMLSchema-instance", "@xsi:type": "MandatSimple_Type", "uid": "PM830550", "acteurRef": "PA736235", "legislature": null, "typeOrgane": "DELEGSENAT", "dateDebut": "2023-10-17", "datePublication": null, "dateFin": "2024-10-21", "preseance": "4", "nominPrincipale": "1", "infosQualite": {"codeQualite": "Membre", "libQualite": "Membre", "libQualiteSex": "Membre"}, "organes": {"organeRef": "PO704856"}}, {"@xmlns:xsi": "http://www.w3.org/2001/XMLSchema-instance", "@xsi:type": "MandatSimple_Type", "uid": "PM838812", "acteurRef": "PA736235", "legislature": null, "typeOrgane": "COMSPSENAT", "dateDebut": "2024-06-05", "datePublication": null, "dateFin": "2024-10-29", "preseance": null, "nominPrincipale": "1", "infosQualite": {"codeQualite": null, "libQualite": "Membre", "libQualiteSex": null}, "organes": {"organeRef": "PO838734"}}, {"@xmlns:xsi": "http://www.w3.org/2001/XMLSchema-instance", "@xsi:type": "MandatSimple_Type", "uid": "PM837521", "acteurRef": "PA736235", "legislature": null, "typeOrgane": "COMSPSENAT", "dateDebut": "2024-04-30", "datePublication": null, "dateFin": "2024-10-21", "preseance": null, "nominPrincipale": "1", "infosQualite": {"codeQualite": null, "libQualite": "Membre", "libQualiteSex": null}, "organes": {"organeRef": "PO837451"}}, {"@xmlns:xsi": "http://www.w3.org/2001/XMLSchema-instance", "@xsi:type": "MandatSimple_Type", "uid": "PM819905", "acteurRef": "PA736235", "legislature": null, "typeOrgane": "COMSPSENAT", "dateDebut": "2023-02-08", "datePublication": null, "dateFin": "2024-10-21", "preseance": null, "nominPrincipale": "1", "infosQualite": {"codeQualite": null, "libQualite": "Vice-Pr\u00e9sident", "libQualiteSex": null}, "organes": {"organeRef": "PO818371"}}, {"@xmlns:xsi": "http://www.w3.org/2001/XMLSchema-instance", "@xsi:type": "MandatSimple_Type", "uid": "PM15847779", "acteurRef": "PA736235", "legislature": null, "typeOrgane": "GOUVERNEMENT", "dateDebut": "2024-09-22", "datePublication": "2024-09-22", "dateFin": "2024-12-13", "preseance": "50", "nominPrincipale": "1", "infosQualite": {"codeQualite": "membre", "libQualite": "membre", "libQualiteSex": "membre"}, "organes": {"organeRef": "PO847639"}}, {"@xmlns:xsi": "http://www.w3.org/2001/XMLSchema-instance", "@xsi:type": "MandatSimple_Type", "uid": "PM15855114", "acteurRef": "PA736235", "legislature": null, "typeOrgane": "GOUVERNEMENT", "dateDebut": "2024-12-24", "datePublication": "2024-12-24", "dateFin": "2025-09-09", "preseance": "50", "nominPrincipale": "1", "infosQualite": {"codeQualite": "membre", "libQualite": "membre", "libQualiteSex": "membre"}, "organes": {"organeRef": "PO855052"}}, {"@xmlns:xsi": "http://www.w3.org/2001/XMLSchema-instance", "@xsi:type": "MandatSimple_Type", "uid": "PM741568", "acteurRef": "PA736235", "legislature": null, "typeOrgane": "GROUPESENAT", "dateDebut": "2017-10-03", "datePublication": null, "dateFin": "2024-10-21", "preseance": "4", "nominPrincipale": "1", "infosQualite": {"codeQualite": "Membre", "libQualite": "Membre", "libQualiteSex": "Membre du"}, "organes": {"organeRef": "PO77714"}}, {"@xmlns:xsi": "http://www.w3.org/2001/XMLSchema-instance", "@xsi:type": "MandatSimple_Type", "uid": "PM829322", "acteurRef": "PA736235", "legislature": null, "typeOrgane": "COMSENAT", "dateDebut": "2023-10-05", "datePublication": null, "dateFin": "2024-10-21", "preseance": null, "nominPrincipale": "1", "infosQualite": {"codeQualite": null, "libQualite": "Vice-Pr\u00e9sident", "libQualiteSex": null}, "organes": {"organeRef": "PO211495"}}, {"@xmlns:xsi": "http://www.w3.org/2001/XMLSchema-instance", "@xsi:type": "MandatSimple_Type", "uid": "PM833554", "acteurRef": "PA736235", "legislature": null, "typeOrgane": "API", "dateDebut": "2023-12-27", "datePublication": "2023-12-27", "dateFin": "2024-10-21", "preseance": "40", "nominPrincipale": "1", "infosQualite": {"codeQualite": "Membre", "libQualite": "Membre", "libQualiteSex": "Membre"}, "organes": {"organeRef": "PO201115"}}, {"@xmlns:xsi": "http://www.w3.org/2001/XMLSchema-instance", "@xsi:type": "MandatSimple_Type", "uid": "PM855114", "acteurRef": "PA736235", "legislature": null, "typeOrgane": "MINISTERE", "dateDebut": "2024-12-24", "datePublication": "2024-12-24", "dateFin": "2025-09-09", "preseance": "40", "nominPrincipale": "1", "infosQualite": {"codeQualite": "Ministre d\u00e9l\u00e9gu\u00e9", "libQualite": "Ministre d\u00e9l\u00e9gu\u00e9", "libQualiteSex": "Ministre d\u00e9l\u00e9gu\u00e9e"}, "organes": {"organeRef": "PO855111"}}, {"@xmlns:xsi": "http://www.w3.org/2001/XMLSchema-instance", "@xsi:type": "MandatSimple_Type", "uid": "PM847779", "acteurRef": "PA736235", "legislature": null, "typeOrgane": "MINISTERE", "dateDebut": "2024-09-22", "datePublication": "2024-09-22", "dateFin": "2024-12-13", "preseance": "40", "nominPrincipale": "1", "infosQualite": {"codeQualite": "Ministre d\u00e9l\u00e9gu\u00e9", "libQualite": "Ministre d\u00e9l\u00e9gu\u00e9", "libQualiteSex": "Ministre d\u00e9l\u00e9gu\u00e9e"}, "organes": {"organeRef": "PO847702"}}, {"@xmlns:xsi": "http://www.w3.org/2001/XMLSchema-instance", "@xsi:type": "MandatSimple_Type", "uid": "PM834828", "acteurRef": "PA736235", "legislature": null, "typeOrgane": "API", "dateDebut": "2024-02-08", "datePublication": null, "dateFin": "2024-10-21", "preseance": "10", "nominPrincipale": "1", "infosQualite": {"codeQualite": "Secr\u00e9taire du Bureau", "libQualite": "Secr\u00e9taire du Bureau", "libQualiteSex": "Secr\u00e9taire du Bureau"}, "organes": {"organeRef": "PO201115"}}, {"@xmlns:xsi": "http://www.w3.org/2001/XMLSchema-instance", "@xsi:type": "MandatParlementaire_type", "uid": "PM775795", "acteurRef": "PA736235", "legislature": null, "typeOrgane": "SENAT", "dateDebut": "2020-10-01", "datePublication": null, "dateFin": "2024-10-21", "preseance": "20", "nominPrincipale": "1", "infosQualite": {"codeQualite": "S\u00e9nateur", "libQualite": "SENATEUR", "libQualiteSex": "S\u00e9nateur 5\u00e8me R\u00e9publique"}, "organes": {"organeRef": "PO78718"}, "suppleants": null, "chambre": null, "election": {"lieu": {"region": null, "regionType": null, "departement": null, "numDepartement": "33", "numCirco": null}, "causeMandat": null}, "mandature": {"datePriseFonction": null, "causeFin": null, "premiereElection": "0", "placeHemicycle": null, "mandatRemplaceRef": null}, "collaborateurs": null}]}}}