{"acteur": {"@xmlns": "http://schemas.assemblee-nationale.fr/referentiel", "uid": {"@xmlns:xsi": "http://www.w3.org/2001/XMLSchema-instance", "@xsi:type": "IdActeur_type", "#text": "PA773443"}, "etatCivil": {"ident": {"civ": "M.", "prenom": "\u00c9ric", "nom": "Dupond-Moretti", "alpha": "Dupond-Moretti", "trigramme": {"@xmlns:xsi": "http://www.w3.org/2001/XMLSchema-instance", "@xsi:nil": "true"}}, "infoNaissance": {"dateNais": "1961-04-20", "villeNais": "Maubeuge", "depNais": "Nord", "paysNais": "France"}, "dateDeces": {"@xmlns:xsi": "http://www.w3.org/2001/XMLSchema-instance", "@xsi:nil": "true"}}, "profession": {"libelleCourant": {"@xmlns:xsi": "http://www.w3.org/2001/XMLSchema-instance", "@xsi:nil": "true"}, "socProcINSEE": {"catSocPro": {"@xmlns:xsi": "http://www.w3.org/2001/XMLSchema-instance", "@xsi:nil": "true"}, "famSocPro": {"@xmlns:xsi": "http://www.w3.org/2001/XMLSchema-instance", "@xsi:nil": "true"}}}, "uri_hatvp": {"@xmlns:xsi": "http://www.w3.org/2001/XMLSchema-instance", "@xsi:nil": "true"}, "adresses": {"@xmlns:xsi": "http://www.w3.org/2001/XMLSchema-instance", "@xsi:nil": "true"}, "mandats": {"mandat": [{"@xmlns:xsi": "http://www.w3.org/2001/XMLSchema-instance", "@xsi:type": "MandatSimple_Type", "uid": "PM15833723", "acteurRef": "PA773443", "legislature": null, "typeOrgane": "GOUVERNEMENT", "dateDebut": "2024-01-12", "datePublication": "2024-01-12", "dateFin": "2024-09-05", "preseance": "50", "nominPrincipale": "1", "infosQualite": {"codeQualite": "membre", "libQualite": "membre", "libQualiteSex": "membre"}, "organes": {"organeRef": "PO833673"}}, {"@xmlns:xsi": "http://www.w3.org/2001/XMLSchema-instance", "@xsi:type": "MandatSimple_Type", "uid": "PM833723", "acteurRef": "PA773443", "legislature": null, "typeOrgane": "MINISTERE", "dateDebut": "2024-01-12", "datePublication": "2024-01-12", "dateFin": "2024-09-05", "preseance": "20", "nominPrincipale": "1", "infosQualite": {"codeQualite": "Garde des sceaux", "libQualite": "Garde des sceaux, ministre de la justice", "libQualiteSex": "Garde des sceaux, ministre de la justice"}, "organes": {"organeRef": "PO833682"}}]}}}