{"acteur": {"@xmlns": "http://schemas.assemblee-nationale.fr/referentiel", "uid": {"@xmlns:xsi": "http://www.w3.org/2001/XMLSchema-instance", "@xsi:type": "IdActeur_type", "#text": "PA793788"}, "etatCivil": {"ident": {"civ": "Mme", "prenom": "Dominique", "nom": "Faure", "alpha": "Faure", "trigramme": {"@xmlns:xsi": "http://www.w3.org/2001/XMLSchema-instance", "@xsi:nil": "true"}}, "infoNaissance": {"dateNais": "1959-08-28", "villeNais": "Carcassonne", "depNais": "Aude", "paysNais": "France"}, "dateDeces": {"@xmlns:xsi": "http://www.w3.org/2001/XMLSchema-instance", "@xsi:nil": "true"}}, "profession": {"libelleCourant": "Senior Advisor", "socProcINSEE": {"catSocPro": "Chefs d'entreprise de 10 salari\u00e9s ou plus", "famSocPro": "Artisans, commer\u00e7ants et chefs d'entreprise"}}, "uri_hatvp": {"@xmlns:xsi": "http://www.w3.org/2001/XMLSchema-instance", "@xsi:nil": "true"}, "adresses": {"adresse": [{"@xmlns:xsi": "http://www.w3.org/2001/XMLSchema-instance", "@xsi:type": "AdressePostale_Type", "uid": "AD793790", "type": "0", "typeLibelle": "Adresse officielle", "poids": "1", "adresseDeRattachement": null, "intitule": "Assembl\u00e9e nationale,", "numeroRue": "126", "nomRue": "Rue de l'Universit\u00e9,", "complementAdresse": null, "codePostal": "75355", "ville": "Paris 07 SP"}, {"@xmlns:xsi": "http://www.w3.org/2001/XMLSchema-instance", "@xsi:type": "AdresseMail_Type", "uid": "AD797953", "type": "15", "typeLibelle": "M\u00e8l", "poids": null, "adresseDeRattachement": null, "valElec": "dominique.faure@assemblee-nationale.fr"}, {"@xmlns:xsi": "http://www.w3.org/2001/XMLSchema-instance", "@xsi:type": "AdresseSiteWeb_Type", "uid": "AD798483", "type": "24", "typeLibelle": "Twitter", "poids": null, "adresseDeRattachement": null, "valElec": "@FaureDominique"}, {"@xmlns:xsi": "http://www.w3.org/2001/XMLSchema-instance", "@xsi:type": "AdresseSiteWeb_Type", "uid": "AD798493", "type": "25", "typeLibelle": "Facebook", "poids": null, "adresseDeRattachement": null, "valElec": "DominiqueFaureAvecVous"}, {"@xmlns:xsi": "http://www.w3.org/2001/XMLSchema-instance", "@xsi:type": "AdresseSiteWeb_Type", "uid": "AD798501", "type": "30", "typeLibelle": "Linkedin", "poids": null, "adresseDeRattachement": null, "valElec": "/in/Dominique Faure"}]}, "mandats": {"mandat": [{"@xmlns:xsi": "http://www.w3.org/2001/XMLSchema-instance", "@xsi:type": "MandatSimple_Type", "uid": "PM15834767", "acteurRef": "PA793788", "legislature": null, "typeOrgane": "GOUVERNEMENT", "dateDebut": "2024-02-09", "datePublication": "2024-02-09", "dateFin": "2024-09-05", "preseance": "50", "nominPrincipale": "1", "infosQualite": {"codeQualite": "membre", "libQualite": "membre", "libQualiteSex": "membre"}, "organes": {"organeRef": "PO833673"}}, {"@xmlns:xsi": "http://www.w3.org/2001/XMLSchema-instance", "@xsi:type": "MandatSimple_Type", "uid": "PM834767", "acteurRef": "PA793788", "legislature": null, "typeOrgane": "MINISTERE", "dateDebut": "2024-02-09", "datePublication": "2024-02-09", "dateFin": "2024-09-05", "preseance": "40", "nominPrincipale": "1", "infosQualite": {"codeQualite": "Ministre d\u00e9l\u00e9gu\u00e9", "libQualite": "Ministre d\u00e9l\u00e9gu\u00e9", "libQualiteSex": "Ministre d\u00e9l\u00e9gu\u00e9e"}, "organes": {"organeRef": "PO834732"}}]}}}