{"acteur": {"@xmlns": "http://schemas.assemblee-nationale.fr/referentiel", "uid": {"@xmlns:xsi": "http://www.w3.org/2001/XMLSchema-instance", "@xsi:type": "IdActeur_type", "#text": "PA793508"}, "etatCivil": {"ident": {"civ": "M.", "prenom": "Hubert", "nom": "Brigand", "alpha": "Brigand", "trigramme": "HBI"}, "infoNaissance": {"dateNais": "1952-07-28", "villeNais": "Chatillon-sur-Seine", "depNais": "C\u00f4te-d'Or", "paysNais": "France"}, "dateDeces": {"@xmlns:xsi": "http://www.w3.org/2001/XMLSchema-instance", "@xsi:nil": "true"}}, "profession": {"libelleCourant": "Ancienne profession interm\u00e9diaire", "socProcINSEE": {"catSocPro": "Sans profession d\u00e9clar\u00e9e", "famSocPro": "Sans profession d\u00e9clar\u00e9e"}}, "uri_hatvp": "https://www.hatvp.fr/pages_nominatives/brigand-hubert-22438", "adresses": {"adresse": [{"@xmlns:xsi": "http://www.w3.org/2001/XMLSchema-instance", "@xsi:type": "AdressePostale_Type", "uid": "AD793510", "type": "0", "typeLibelle": "Adresse officielle", "poids": "1", "adresseDeRattachement": null, "intitule": "Assembl\u00e9e nationale,", "numeroRue": "126", "nomRue": "Rue de l'Universit\u00e9,", "complementAdresse": null, "codePostal": "75355", "ville": "Paris 07 SP"}, {"@xmlns:xsi": "http://www.w3.org/2001/XMLSchema-instance", "@xsi:type": "AdresseMail_Type", "uid": "AD797928", "type": "15", "typeLibelle": "M\u00e8l", "poids": null, "adresseDeRattachement": null, "valElec": "hubert.brigand@assemblee-nationale.fr"}, {"@xmlns:xsi": "http://www.w3.org/2001/XMLSchema-instance", "@xsi:type": "AdressePostale_Type", "uid": "AD799347", "type": "2", "typeLibelle": "Adresse publi\u00e9e de circonscription", "poids": "22", "adresseDeRattachement": null, "intitule": null, "numeroRue": "1", "nomRue": "Place de la r\u00e9sistance", "complementAdresse": null, "codePostal": "21400", "ville": "Chatillon-sur-Seine"}]}, "mandats": {"mandat": [{"@xmlns:xsi": "http://www.w3.org/2001/XMLSchema-instance", "@xsi:type": "MandatSimple_Type", "uid": "PM852635", "acteurRef": "PA793508", "legislature": null, "typeOrgane": "PARPOL", "dateDebut": "2024-12-04", "datePublication": "2024-12-04", "dateFin": null, "preseance": "5", "nominPrincipale": "1", "infosQualite": {"codeQualite": "Membre", "libQualite": "Membre", "libQualiteSex": "Membre"}, "organes": {"organeRef": "PO710396"}}, {"@xmlns:xsi": "http://www.w3.org/2001/XMLSchema-instance", "@xsi:type": "MandatSimple_Type", "uid": "PM853156", "acteurRef": "PA793508", "legislature": "17", "typeOrgane": "ORGEXTPARL", "dateDebut": "2024-12-06", "datePublication": "2024-12-07", "dateFin": null, "preseance": "20", "nominPrincipale": "1", "infosQualite": {"codeQualite": "Titulaire", "libQualite": "Membre titulaire", "libQualiteSex": "Membre titulaire"}, "organes": {"organeRef": "PO717436"}}, {"@xmlns:xsi": "http://www.w3.org/2001/XMLSchema-instance", "@xsi:type": "MandatSimple_Type", "uid": "PM845654", "acteurRef": "PA793508", "legislature": "17", "typeOrgane": "GP", "dateDebut": "2024-07-19", "datePublication": "2024-07-19", "dateFin": null, "preseance": "20", "nominPrincipale": "1", "infosQualite": {"codeQualite": "Membre", "libQualite": "Membre du", "libQualiteSex": "Membre du"}, "organes": {"organeRef": "PO845425"}}, {"@xmlns:xsi": "http://www.w3.org/2001/XMLSchema-instance", "@xsi:type": "MandatSimple_Type", "uid": "PM846248", "acteurRef": "PA793508", "legislature": "17", "typeOrgane": "COMPER", "dateDebut": "2024-07-20", "datePublication": "2024-07-20", "dateFin": null, "preseance": "32", "nominPrincipale": "1", "infosQualite": {"codeQualite": "Membre", "libQualite": "Membre", "libQualiteSex": "Membre"}, "organes": {"organeRef": "PO59046"}}, {"@xmlns:xsi": "http://www.w3.org/2001/XMLSchema-instance", "@xsi:type": "MandatSimple_Type", "uid": "PM857160", "acteurRef": "PA793508", "legislature": "17", "typeOrgane": "GE", "dateDebut": "2025-01-21", "datePublication": null, "dateFin": null, "preseance": "20", "nominPrincipale": "1", "infosQualite": {"codeQualite": "Membre", "libQualite": "Membre", "libQualiteSex": "Membre"}, "organes": {"organeRef": "PO854278"}}, {"@xmlns:xsi": "http://www.w3.org/2001/XMLSchema-instance", "@xsi:type": "MandatSimple_Type", "uid": "PM857161", "acteurRef": "PA793508", "legislature": "17", "typeOrgane": "GE", "dateDebut": "2025-01-21", "datePublication": null, "dateFin": null, "preseance": "20", "nominPrincipale": "1", "infosQualite": {"codeQualite": "Membre", "libQualite": "Membre", "libQualiteSex": "Membre"}, "organes": {"organeRef": "PO854491"}}, {"@xmlns:xsi": "http://www.w3.org/2001/XMLSchema-instance", "@xsi:type": "MandatSimple_Type", "uid": "PM842577", "acteurRef": "PA793508", "legislature": "17", "typeOrgane": "GP", "dateDebut": "2024-07-08", "datePublication": null, "dateFin": "2024-07-18", "preseance": "28", "nominPrincipale": "1", "infosQualite": {"codeQualite": "D\u00e9put\u00e9 non-inscrit", "libQualite": "D\u00e9put\u00e9 non-inscrit", "libQualiteSex": "D\u00e9put\u00e9 non-inscrit"}, "organes": {"organeRef": "PO840056"}}, {"@xmlns:xsi": "http://www.w3.org/2001/XMLSchema-instance", "@xsi:type": "MandatParlementaire_type", "uid": "PM842576", "acteurRef": "PA793508", "legislature": "17", "typeOrgane": "ASSEMBLEE", "dateDebut": "2024-07-07", "datePublication": null, "dateFin": null, "preseance": "50", "nominPrincipale": "1", "infosQualite": {"codeQualite": "membre", "libQualite": "membre", "libQualiteSex": "membre"}, "organes": {"organeRef": "PO838901"}, "suppleants": {"suppleant": {"dateDebut": "2024-07-07", "dateFin": null, "suppleantRef": "PA840963"}}, "chambre": null, "election": {"lieu": {"region": "Bourgogne-Franche-Comt\u00e9", "regionType": "M\u00e9tropolitain", "departement": "C\u00f4te-d'Or", "numDepartement": "21", "numCirco": "4"}, "causeMandat": "\u00e9lections g\u00e9n\u00e9rales", "refCirconscription": "PO839207"}, "mandature": {"datePriseFonction": "2024-07-08", "causeFin": null, "premiereElection": "1", "placeHemicycle": "195", "mandatRemplaceRef": null}, "collaborateurs": {"collaborateur": [{"qualite": "Mme", "prenom": "Anne", "nom": "Leboulanger", "dateDebut": null, "dateFin": null}, {"qualite": "M.", "prenom": "Jean-Baptiste", "nom": "Coupat", "dateDebut": null, "dateFin": null}]}}]}}}