{"acteur": {"@xmlns": "http://schemas.assemblee-nationale.fr/referentiel", "uid": {"@xmlns:xsi": "http://www.w3.org/2001/XMLSchema-instance", "@xsi:type": "IdActeur_type", "#text": "PA796118"}, "etatCivil": {"ident": {"civ": "Mme", "prenom": "B\u00e9n\u00e9dicte", "nom": "Auzanot", "alpha": "Auzanot", "trigramme": "BAU"}, "infoNaissance": {"dateNais": "1972-08-05", "villeNais": "Besan\u00e7on", "depNais": "Doubs", "paysNais": "France"}, "dateDeces": {"@xmlns:xsi": "http://www.w3.org/2001/XMLSchema-instance", "@xsi:nil": "true"}}, "profession": {"libelleCourant": "(85) - Personne diverse sans activit\u00e9 professionnelle de moins de 60 ans (sauf r", "socProcINSEE": {"catSocPro": "Sans profession d\u00e9clar\u00e9e", "famSocPro": "Sans profession d\u00e9clar\u00e9e"}}, "uri_hatvp": "https://www.hatvp.fr/pages_nominatives/auzanot-benedicte-24225", "adresses": {"adresse": [{"@xmlns:xsi": "http://www.w3.org/2001/XMLSchema-instance", "@xsi:type": "AdressePostale_Type", "uid": "AD796120", "type": "0", "typeLibelle": "Adresse officielle", "poids": "1", "adresseDeRattachement": null, "intitule": "Assembl\u00e9e nationale,", "numeroRue": "126", "nomRue": "Rue de l'Universit\u00e9,", "complementAdresse": null, "codePostal": "75355", "ville": "Paris 07 SP"}, {"@xmlns:xsi": "http://www.w3.org/2001/XMLSchema-instance", "@xsi:type": "AdresseMail_Type", "uid": "AD798134", "type": "15", "typeLibelle": "M\u00e8l", "poids": null, "adresseDeRattachement": null, "valElec": "benedicte.auzanot@assemblee-nationale.fr"}, {"@xmlns:xsi": "http://www.w3.org/2001/XMLSchema-instance", "@xsi:type": "AdressePostale_Type", "uid": "AD822122", "type": "2", "typeLibelle": "Adresse publi\u00e9e de circonscription", "poids": "2", "adresseDeRattachement": null, "intitule": null, "numeroRue": "98", "nomRue": "Avenue Gabriel P\u00e9ri", "complementAdresse": null, "codePostal": "84300", "ville": "Cavaillon"}, {"@xmlns:xsi": "http://www.w3.org/2001/XMLSchema-instance", "@xsi:type": "AdresseTelephonique_Type", "uid": "AD822124", "type": "11", "typeLibelle": "T\u00e9l\u00e9phone", "poids": "2", "adresseDeRattachement": "AD822122", "valElec": "06 60 86 28 98"}, {"@xmlns:xsi": "http://www.w3.org/2001/XMLSchema-instance", "@xsi:type": "AdresseSiteWeb_Type", "uid": "AD844762", "type": "22", "typeLibelle": "Site internet", "poids": null, "adresseDeRattachement": null, "valElec": "www.benedicte-auzanot.fr"}]}, "mandats": {"mandat": [{"@xmlns:xsi": "http://www.w3.org/2001/XMLSchema-instance", "@xsi:type": "MandatSimple_Type", "uid": "PM852560", "acteurRef": "PA796118", "legislature": null, "typeOrgane": "PARPOL", "dateDebut": "2024-12-04", "datePublication": "2024-12-04", "dateFin": null, "preseance": "5", "nominPrincipale": "1", "infosQualite": {"codeQualite": "Membre", "libQualite": "Membre", "libQualiteSex": "Membre"}, "organes": {"organeRef": "PO761239"}}, {"@xmlns:xsi": "http://www.w3.org/2001/XMLSchema-instance", "@xsi:type": "MandatSimple_Type", "uid": "PM867315", "acteurRef": "PA796118", "legislature": "17", "typeOrgane": "CNPS", "dateDebut": "2025-03-18", "datePublication": "2025-03-20", "dateFin": null, "preseance": "20", "nominPrincipale": "1", "infosQualite": {"codeQualite": "Membre", "libQualite": "Membre", "libQualiteSex": "Membre"}, "organes": {"organeRef": "PO866672"}}, {"@xmlns:xsi": "http://www.w3.org/2001/XMLSchema-instance", "@xsi:type": "MandatSimple_Type", "uid": "PM856292", "acteurRef": "PA796118", "legislature": "17", "typeOrgane": "ORGEXTPARL", "dateDebut": "2024-10-02", "datePublication": "2024-10-04", "dateFin": null, "preseance": "20", "nominPrincipale": "1", "infosQualite": {"codeQualite": "Titulaire", "libQualite": "Membre titulaire", "libQualiteSex": "Membre titulaire"}, "organes": {"organeRef": "PO427570"}}, {"@xmlns:xsi": "http://www.w3.org/2001/XMLSchema-instance", "@xsi:type": "MandatSimple_Type", "uid": "PM853420", "acteurRef": "PA796118", "legislature": "17", "typeOrgane": "ORGEXTPARL", "dateDebut": "2024-12-06", "datePublication": "2024-12-07", "dateFin": null, "preseance": "20", "nominPrincipale": "1", "infosQualite": {"codeQualite": "Titulaire", "libQualite": "Membre titulaire", "libQualiteSex": "Membre titulaire"}, "organes": {"organeRef": "PO853114"}}, {"@xmlns:xsi": "http://www.w3.org/2001/XMLSchema-instance", "@xsi:type": "MandatSimple_Type", "uid": "PM845775", "acteurRef": "PA796118", "legislature": "17", "typeOrgane": "GP", "dateDebut": "2024-07-19", "datePublication": "2024-07-19", "dateFin": null, "preseance": "20", "nominPrincipale": "1", "infosQualite": {"codeQualite": "Membre", "libQualite": "Membre du", "libQualiteSex": "Membre du"}, "organes": {"organeRef": "PO845401"}}, {"@xmlns:xsi": "http://www.w3.org/2001/XMLSchema-instance", "@xsi:type": "MandatSimple_Type", "uid": "PM846070", "acteurRef": "PA796118", "legislature": "17", "typeOrgane": "COMPER", "dateDebut": "2024-07-20", "datePublication": "2024-07-20", "dateFin": null, "preseance": "32", "nominPrincipale": "1", "infosQualite": {"codeQualite": "Membre", "libQualite": "Membre", "libQualiteSex": "Membre"}, "organes": {"organeRef": "PO419604"}}, {"@xmlns:xsi": "http://www.w3.org/2001/XMLSchema-instance", "@xsi:type": "MandatSimple_Type", "uid": "PM843630", "acteurRef": "PA796118", "legislature": "17", "typeOrgane": "GP", "dateDebut": "2024-07-08", "datePublication": null, "dateFin": "2024-07-18", "preseance": "28", "nominPrincipale": "1", "infosQualite": {"codeQualite": "D\u00e9put\u00e9 non-inscrit", "libQualite": "D\u00e9put\u00e9 non-inscrit", "libQualiteSex": "D\u00e9put\u00e9e non-inscrite"}, "organes": {"organeRef": "PO840056"}}, {"@xmlns:xsi": "http://www.w3.org/2001/XMLSchema-instance", "@xsi:type": "MandatParlementaire_type", "uid": "PM843629", "acteurRef": "PA796118", "legislature": "17", "typeOrgane": "ASSEMBLEE", "dateDebut": "2024-07-07", "datePublication": null, "dateFin": null, "preseance": "50", "nominPrincipale": "1", "infosQualite": {"codeQualite": "membre", "libQualite": "membre", "libQualiteSex": "membre"}, "organes": {"organeRef": "PO838901"}, "suppleants": {"suppleant": {"dateDebut": "2024-07-07", "dateFin": null, "suppleantRef": "PA842113"}}, "chambre": null, "election": {"lieu": {"region": "Provence-Alpes-C\u00f4te d'Azur", "regionType": "M\u00e9tropolitain", "departement": "Vaucluse", "numDepartement": "84", "numCirco": "2"}, "causeMandat": "\u00e9lections g\u00e9n\u00e9rales", "refCirconscription": "PO839933"}, "mandature": {"datePriseFonction": "2024-07-08", "causeFin": null, "premiereElection": "1", "placeHemicycle": "079", "mandatRemplaceRef": null}, "collaborateurs": {"collaborateur": [{"qualite": "M.", "prenom": "Andr\u00e9-Yves", "nom": "Beck", "dateDebut": null, "dateFin": null}, {"qualite": "M.", "prenom": "Jacques-Henri", "nom": "de Rohan-Chabot", "dateDebut": null, "dateFin": null}, {"qualite": "Mme", "prenom": "Anne", "nom": "Biscos", "dateDebut": null, "dateFin": null}]}}]}}}