{"acteur": {"@xmlns": "http://schemas.assemblee-nationale.fr/referentiel", "uid": {"@xmlns:xsi": "http://www.w3.org/2001/XMLSchema-instance", "@xsi:type": "IdActeur_type", "#text": "PA841553"}, "etatCivil": {"ident": {"civ": "M.", "prenom": "Thierry", "nom": "Tesson", "alpha": "Tesson", "trigramme": "TTE"}, "infoNaissance": {"dateNais": "1957-04-22", "villeNais": "Les Sables d'Olonne", "depNais": "Vend\u00e9e", "paysNais": "France"}, "dateDeces": {"@xmlns:xsi": "http://www.w3.org/2001/XMLSchema-instance", "@xsi:nil": "true"}}, "profession": {"libelleCourant": "(74) - Ancien cadre", "socProcINSEE": {"catSocPro": "Cadres administratifs et techniques de la fonction publique", "famSocPro": "Cadres et professions intellectuelles sup\u00e9rieures"}}, "uri_hatvp": "https://www.hatvp.fr/pages_nominatives/tesson-thierry-27465", "adresses": {"adresse": [{"@xmlns:xsi": "http://www.w3.org/2001/XMLSchema-instance", "@xsi:type": "AdressePostale_Type", "uid": "AD841555", "type": "0", "typeLibelle": "Adresse officielle", "poids": "1", "adresseDeRattachement": null, "intitule": "Assembl\u00e9e nationale,", "numeroRue": "126", "nomRue": "Rue de l'Universit\u00e9,", "complementAdresse": null, "codePostal": "75355", "ville": "Paris 07 SP"}, {"@xmlns:xsi": "http://www.w3.org/2001/XMLSchema-instance", "@xsi:type": "AdresseMail_Type", "uid": "AD843905", "type": "15", "typeLibelle": "M\u00e8l", "poids": null, "adresseDeRattachement": null, "valElec": "thierry.tesson@assemblee-nationale.fr"}, {"@xmlns:xsi": "http://www.w3.org/2001/XMLSchema-instance", "@xsi:type": "AdresseMail_Type", "uid": "AD844940", "type": "15", "typeLibelle": "M\u00e8l", "poids": null, "adresseDeRattachement": null, "valElec": "thierry.tesson.59@gmail.com"}, {"@xmlns:xsi": "http://www.w3.org/2001/XMLSchema-instance", "@xsi:type": "AdressePostale_Type", "uid": "AD848609", "type": "2", "typeLibelle": "Adresse publi\u00e9e de circonscription", "poids": "2", "adresseDeRattachement": null, "intitule": null, "numeroRue": "70", "nomRue": "Rue de la Cloche", "complementAdresse": null, "codePostal": "59500", "ville": "Douai"}]}, "mandats": {"mandat": [{"@xmlns:xsi": "http://www.w3.org/2001/XMLSchema-instance", "@xsi:type": "MandatAvecSuppleant_Type", "uid": "PM847355", "acteurRef": "PA841553", "legislature": "17", "typeOrgane": "COMNL", "dateDebut": "2024-09-20", "datePublication": "2024-09-20", "dateFin": null, "preseance": "20", "nominPrincipale": "1", "infosQualite": {"codeQualite": "Membre", "libQualite": "Membre", "libQualiteSex": "Membre"}, "organes": {"organeRef": "PO420375"}, "suppleants": null}, {"@xmlns:xsi": "http://www.w3.org/2001/XMLSchema-instance", "@xsi:type": "MandatSimple_Type", "uid": "PM864674", "acteurRef": "PA841553", "legislature": "17", "typeOrgane": "API", "dateDebut": "2025-02-14", "datePublication": null, "dateFin": null, "preseance": "40", "nominPrincipale": "1", "infosQualite": {"codeQualite": "Membre", "libQualite": "Membre", "libQualiteSex": "Membre"}, "organes": {"organeRef": "PO201115"}}, {"@xmlns:xsi": "http://www.w3.org/2001/XMLSchema-instance", "@xsi:type": "MandatSimple_Type", "uid": "PM853791", "acteurRef": "PA841553", "legislature": null, "typeOrgane": "PARPOL", "dateDebut": "2024-12-04", "datePublication": null, "dateFin": null, "preseance": "5", "nominPrincipale": "1", "infosQualite": {"codeQualite": "Membre", "libQualite": "Membre", "libQualiteSex": "Membre"}, "organes": {"organeRef": "PO761239"}}, {"@xmlns:xsi": "http://www.w3.org/2001/XMLSchema-instance", "@xsi:type": "MandatSimple_Type", "uid": "PM862313", "acteurRef": "PA841553", "legislature": "17", "typeOrgane": "API", "dateDebut": "2024-10-15", "datePublication": null, "dateFin": null, "preseance": "40", "nominPrincipale": "1", "infosQualite": {"codeQualite": "Membre", "libQualite": "Membre", "libQualiteSex": "Membre"}, "organes": {"organeRef": "PO206064"}}, {"@xmlns:xsi": "http://www.w3.org/2001/XMLSchema-instance", "@xsi:type": "MandatMission_Type", "uid": "PM869839", "acteurRef": "PA841553", "legislature": "17", "typeOrgane": "MISINFO", "dateDebut": "2025-05-21", "datePublication": null, "dateFin": null, "preseance": "10", "nominPrincipale": "0", "infosQualite": {"codeQualite": "Membre", "libQualite": "Membre", "libQualiteSex": "Membre"}, "organes": {"organeRef": "PO869830"}, "libelle": null, "missionSuivanteRef": null, "missionPrecedenteRef": null}, {"@xmlns:xsi": "http://www.w3.org/2001/XMLSchema-instance", "@xsi:type": "MandatSimple_Type", "uid": "PM849346", "acteurRef": "PA841553", "legislature": "17", "typeOrgane": "CNPS", "dateDebut": "2024-10-24", "datePublication": "2024-10-24", "dateFin": "2024-11-20", "preseance": "20", "nominPrincipale": "1", "infosQualite": {"codeQualite": "Membre", "libQualite": "Membre", "libQualiteSex": "Membre"}, "organes": {"organeRef": "PO849323"}}, {"@xmlns:xsi": "http://www.w3.org/2001/XMLSchema-instance", "@xsi:type": "MandatMission_Type", "uid": "PM869842", "acteurRef": "PA841553", "legislature": "17", "typeOrgane": "MISINFO", "dateDebut": "2025-05-21", "datePublication": null, "dateFin": null, "preseance": "5", "nominPrincipale": "1", "infosQualite": {"codeQualite": "Co-rapporteur", "libQualite": "Co-rapporteur", "libQualiteSex": "Co-rapporteur"}, "organes": {"organeRef": "PO869830"}, "libelle": null, "missionSuivanteRef": null, "missionPrecedenteRef": null}, {"@xmlns:xsi": "http://www.w3.org/2001/XMLSchema-instance", "@xsi:type": "MandatSimple_Type", "uid": "PM849730", "acteurRef": "PA841553", "legislature": "17", "typeOrgane": "CNPS", "dateDebut": "2024-10-30", "datePublication": "2024-10-30", "dateFin": null, "preseance": "20", "nominPrincipale": "1", "infosQualite": {"codeQualite": "Membre", "libQualite": "Membre", "libQualiteSex": "Membre"}, "organes": {"organeRef": "PO849474"}}, {"@xmlns:xsi": "http://www.w3.org/2001/XMLSchema-instance", "@xsi:type": "MandatSimple_Type", "uid": "PM871198", "acteurRef": "PA841553", "legislature": "17", "typeOrgane": "CNPE", "dateDebut": "2025-06-12", "datePublication": "2025-06-13", "dateFin": null, "preseance": "20", "nominPrincipale": "1", "infosQualite": {"codeQualite": "Membre", "libQualite": "Membre", "libQualiteSex": "Membre"}, "organes": {"organeRef": "PO870844"}}, {"@xmlns:xsi": "http://www.w3.org/2001/XMLSchema-instance", "@xsi:type": "MandatSimple_Type", "uid": "PM865878", "acteurRef": "PA841553", "legislature": "17", "typeOrgane": "CNPE", "dateDebut": "2025-03-03", "datePublication": "2025-03-04", "dateFin": "2025-07-10", "preseance": "20", "nominPrincipale": "1", "infosQualite": {"codeQualite": "Membre", "libQualite": "Membre", "libQualiteSex": "Membre"}, "organes": {"organeRef": "PO865164"}}, {"@xmlns:xsi": "http://www.w3.org/2001/XMLSchema-instance", "@xsi:type": "MandatSimple_Type", "uid": "PM867251", "acteurRef": "PA841553", "legislature": "17", "typeOrgane": "CNPE", "dateDebut": "2025-03-19", "datePublication": "2025-03-19", "dateFin": "2025-07-09", "preseance": "20", "nominPrincipale": "1", "infosQualite": {"codeQualite": "Membre", "libQualite": "Membre", "libQualiteSex": "Membre"}, "organes": {"organeRef": "PO866653"}}, {"@xmlns:xsi": "http://www.w3.org/2001/XMLSchema-instance", "@xsi:type": "MandatSimple_Type", "uid": "PM853821", "acteurRef": "PA841553", "legislature": "17", "typeOrgane": "CNPE", "dateDebut": "2024-12-11", "datePublication": "2024-12-11", "dateFin": "2025-05-28", "preseance": "20", "nominPrincipale": "1", "infosQualite": {"codeQualite": "Membre", "libQualite": "Membre", "libQualiteSex": "Membre"}, "organes": {"organeRef": "PO852507"}}, {"@xmlns:xsi": "http://www.w3.org/2001/XMLSchema-instance", "@xsi:type": "MandatSimple_Type", "uid": "PM853206", "acteurRef": "PA841553", "legislature": "17", "typeOrgane": "ORGEXTPARL", "dateDebut": "2024-12-06", "datePublication": "2024-12-07", "dateFin": null, "preseance": "20", "nominPrincipale": "1", "infosQualite": {"codeQualite": "Titulaire", "libQualite": "Membre titulaire", "libQualiteSex": "Membre titulaire"}, "organes": {"organeRef": "PO717436"}}, {"@xmlns:xsi": "http://www.w3.org/2001/XMLSchema-instance", "@xsi:type": "MandatSimple_Type", "uid": "PM845990", "acteurRef": "PA841553", "legislature": "17", "typeOrgane": "GP", "dateDebut": "2024-07-19", "datePublication": "2024-07-19", "dateFin": null, "preseance": "20", "nominPrincipale": "1", "infosQualite": {"codeQualite": "Membre", "libQualite": "Membre du", "libQualiteSex": "Membre du"}, "organes": {"organeRef": "PO845401"}}, {"@xmlns:xsi": "http://www.w3.org/2001/XMLSchema-instance", "@xsi:type": "MandatSimple_Type", "uid": "PM854800", "acteurRef": "PA841553", "legislature": "17", "typeOrgane": "CNPE", "dateDebut": "2024-12-19", "datePublication": "2024-12-20", "dateFin": "2025-05-28", "preseance": "8", "nominPrincipale": "1", "infosQualite": {"codeQualite": "Vice-Pr\u00e9sident", "libQualite": "Vice-Pr\u00e9sident", "libQualiteSex": "Vice-Pr\u00e9sident"}, "organes": {"organeRef": "PO852507"}}, {"@xmlns:xsi": "http://www.w3.org/2001/XMLSchema-instance", "@xsi:type": "MandatSimple_Type", "uid": "PM867479", "acteurRef": "PA841553", "legislature": "17", "typeOrgane": "CNPE", "dateDebut": "2025-03-20", "datePublication": "2025-03-21", "dateFin": "2025-07-09", "preseance": "8", "nominPrincipale": "1", "infosQualite": {"codeQualite": "Vice-Pr\u00e9sident", "libQualite": "Vice-Pr\u00e9sident", "libQualiteSex": "Vice-Pr\u00e9sident"}, "organes": {"organeRef": "PO866653"}}, {"@xmlns:xsi": "http://www.w3.org/2001/XMLSchema-instance", "@xsi:type": "MandatSimple_Type", "uid": "PM866264", "acteurRef": "PA841553", "legislature": "17", "typeOrgane": "CNPE", "dateDebut": "2025-03-05", "datePublication": "2025-03-06", "dateFin": "2025-07-10", "preseance": "14", "nominPrincipale": "1", "infosQualite": {"codeQualite": "Secr\u00e9taire", "libQualite": "Secr\u00e9taire", "libQualiteSex": "Secr\u00e9taire"}, "organes": {"organeRef": "PO865164"}}, {"@xmlns:xsi": "http://www.w3.org/2001/XMLSchema-instance", "@xsi:type": "MandatSimple_Type", "uid": "PM873792", "acteurRef": "PA841553", "legislature": "17", "typeOrgane": "COMPER", "dateDebut": "2025-10-15", "datePublication": "2025-10-15", "dateFin": null, "preseance": "32", "nominPrincipale": "1", "infosQualite": {"codeQualite": "Membre", "libQualite": "Membre", "libQualiteSex": "Membre"}, "organes": {"organeRef": "PO419604"}}, {"@xmlns:xsi": "http://www.w3.org/2001/XMLSchema-instance", "@xsi:type": "MandatSimple_Type", "uid": "PM846157", "acteurRef": "PA841553", "legislature": "17", "typeOrgane": "COMPER", "dateDebut": "2024-07-20", "datePublication": "2024-07-20", "dateFin": "2025-10-14", "preseance": "32", "nominPrincipale": "1", "infosQualite": {"codeQualite": "Membre", "libQualite": "Membre", "libQualiteSex": "Membre"}, "organes": {"organeRef": "PO59046"}}, {"@xmlns:xsi": "http://www.w3.org/2001/XMLSchema-instance", "@xsi:type": "MandatSimple_Type", "uid": "PM864213", "acteurRef": "PA841553", "legislature": "17", "typeOrgane": "GE", "dateDebut": "2025-02-11", "datePublication": null, "dateFin": null, "preseance": "12", "nominPrincipale": "1", "infosQualite": {"codeQualite": "Secr\u00e9taire", "libQualite": "Secr\u00e9taire", "libQualiteSex": "Secr\u00e9taire"}, "organes": {"organeRef": "PO854411"}}, {"@xmlns:xsi": "http://www.w3.org/2001/XMLSchema-instance", "@xsi:type": "MandatSimple_Type", "uid": "PM863268", "acteurRef": "PA841553", "legislature": "17", "typeOrgane": "GE", "dateDebut": "2025-02-06", "datePublication": null, "dateFin": null, "preseance": "20", "nominPrincipale": "0", "infosQualite": {"codeQualite": "Membre", "libQualite": "Membre", "libQualiteSex": "Membre"}, "organes": {"organeRef": "PO854411"}}, {"@xmlns:xsi": "http://www.w3.org/2001/XMLSchema-instance", "@xsi:type": "MandatSimple_Type", "uid": "PM863269", "acteurRef": "PA841553", "legislature": "17", "typeOrgane": "GE", "dateDebut": "2025-02-06", "datePublication": null, "dateFin": null, "preseance": "20", "nominPrincipale": "1", "infosQualite": {"codeQualite": "Membre", "libQualite": "Membre", "libQualiteSex": "Membre"}, "organes": {"organeRef": "PO854391"}}, {"@xmlns:xsi": "http://www.w3.org/2001/XMLSchema-instance", "@xsi:type": "MandatSimple_Type", "uid": "PM863273", "acteurRef": "PA841553", "legislature": "17", "typeOrgane": "GE", "dateDebut": "2025-02-06", "datePublication": null, "dateFin": null, "preseance": "20", "nominPrincipale": "1", "infosQualite": {"codeQualite": "Membre", "libQualite": "Membre", "libQualiteSex": "Membre"}, "organes": {"organeRef": "PO854157"}}, {"@xmlns:xsi": "http://www.w3.org/2001/XMLSchema-instance", "@xsi:type": "MandatSimple_Type", "uid": "PM843129", "acteurRef": "PA841553", "legislature": "17", "typeOrgane": "GP", "dateDebut": "2024-07-08", "datePublication": null, "dateFin": "2024-07-18", "preseance": "28", "nominPrincipale": "1", "infosQualite": {"codeQualite": "D\u00e9put\u00e9 non-inscrit", "libQualite": "D\u00e9put\u00e9 non-inscrit", "libQualiteSex": "D\u00e9put\u00e9 non-inscrit"}, "organes": {"organeRef": "PO840056"}}, {"@xmlns:xsi": "http://www.w3.org/2001/XMLSchema-instance", "@xsi:type": "MandatSimple_Type", "uid": "PM863276", "acteurRef": "PA841553", "legislature": "17", "typeOrgane": "GA", "dateDebut": "2025-02-06", "datePublication": null, "dateFin": null, "preseance": "20", "nominPrincipale": "0", "infosQualite": {"codeQualite": "Membre", "libQualite": "Membre", "libQualiteSex": "Membre"}, "organes": {"organeRef": "PO851834"}}, {"@xmlns:xsi": "http://www.w3.org/2001/XMLSchema-instance", "@xsi:type": "MandatSimple_Type", "uid": "PM869881", "acteurRef": "PA841553", "legislature": "17", "typeOrgane": "GA", "dateDebut": "2025-05-21", "datePublication": null, "dateFin": null, "preseance": "1", "nominPrincipale": "1", "infosQualite": {"codeQualite": "Pr\u00e9sident", "libQualite": "Pr\u00e9sident", "libQualiteSex": "Pr\u00e9sident"}, "organes": {"organeRef": "PO851834"}}, {"@xmlns:xsi": "http://www.w3.org/2001/XMLSchema-instance", "@xsi:type": "MandatSimple_Type", "uid": "PM863279", "acteurRef": "PA841553", "legislature": "17", "typeOrgane": "GA", "dateDebut": "2025-02-06", "datePublication": null, "dateFin": null, "preseance": "20", "nominPrincipale": "1", "infosQualite": {"codeQualite": "Membre", "libQualite": "Membre", "libQualiteSex": "Membre"}, "organes": {"organeRef": "PO851234"}}, {"@xmlns:xsi": "http://www.w3.org/2001/XMLSchema-instance", "@xsi:type": "MandatParlementaire_type", "uid": "PM843128", "acteurRef": "PA841553", "legislature": "17", "typeOrgane": "ASSEMBLEE", "dateDebut": "2024-07-07", "datePublication": null, "dateFin": null, "preseance": "50", "nominPrincipale": "1", "infosQualite": {"codeQualite": "membre", "libQualite": "membre", "libQualiteSex": "membre"}, "organes": {"organeRef": "PO838901"}, "suppleants": {"suppleant": {"dateDebut": "2024-07-07", "dateFin": null, "suppleantRef": "PA794538"}}, "chambre": null, "election": {"lieu": {"region": "Hauts-de-France", "regionType": "M\u00e9tropolitain", "departement": "Nord", "numDepartement": "59", "numCirco": "17"}, "causeMandat": "\u00e9lections g\u00e9n\u00e9rales", "refCirconscription": "PO839593"}, "mandature": {"datePriseFonction": "2024-07-08", "causeFin": null, "premiereElection": "0", "placeHemicycle": "021", "mandatRemplaceRef": null}, "collaborateurs": {"collaborateur": [{"qualite": "Mme", "prenom": "Nad\u00e8ge", "nom": "Delfosse", "dateDebut": null, "dateFin": null}, {"qualite": "Mme", "prenom": "Coralie", "nom": "Delcl\u00e8ve", "dateDebut": null, "dateFin": null}, {"qualite": "M.", "prenom": "Basile", "nom": "Renault", "dateDebut": null, "dateFin": null}]}}]}}}