{"acteur": {"@xmlns": "http://schemas.assemblee-nationale.fr/referentiel", "uid": {"@xmlns:xsi": "http://www.w3.org/2001/XMLSchema-instance", "@xsi:type": "IdActeur_type", "#text": "PA368"}, "etatCivil": {"ident": {"civ": "M.", "prenom": "Michel", "nom": "Barnier", "alpha": "Barnier", "trigramme": {"@xmlns:xsi": "http://www.w3.org/2001/XMLSchema-instance", "@xsi:nil": "true"}}, "infoNaissance": {"dateNais": "1951-01-09", "villeNais": "La Tronche", "depNais": "Is\u00e8re", "paysNais": {"@xmlns:xsi": "http://www.w3.org/2001/XMLSchema-instance", "@xsi:nil": "true"}}, "dateDeces": {"@xmlns:xsi": "http://www.w3.org/2001/XMLSchema-instance", "@xsi:nil": "true"}}, "profession": {"libelleCourant": "Sans profession d\u00e9clar\u00e9e", "socProcINSEE": {"catSocPro": "Sans profession d\u00e9clar\u00e9e", "famSocPro": "Sans profession d\u00e9clar\u00e9e"}}, "uri_hatvp": {"@xmlns:xsi": "http://www.w3.org/2001/XMLSchema-instance", "@xsi:nil": "true"}, "adresses": {"adresse": {"@xmlns:xsi": "http://www.w3.org/2001/XMLSchema-instance", "@xsi:type": "AdresseSiteWeb_Type", "uid": "AD317538", "type": "23", "typeLibelle": "Url s\u00e9nateur", "poids": null, "adresseDeRattachement": null, "valElec": "https://www.senat.fr/senateur/barnier_michel95008d.html"}}, "mandats": {"mandat": [{"@xmlns:xsi": "http://www.w3.org/2001/XMLSchema-instance", "@xsi:type": "MandatSimple_Type", "uid": "PM15847741", "acteurRef": "PA368", "legislature": null, "typeOrgane": "GOUVERNEMENT", "dateDebut": "2024-09-06", "datePublication": "2024-09-06", "dateFin": "2024-12-13", "preseance": "50", "nominPrincipale": "1", "infosQualite": {"codeQualite": "membre", "libQualite": "membre", "libQualiteSex": "membre"}, "organes": {"organeRef": "PO847639"}}, {"@xmlns:xsi": "http://www.w3.org/2001/XMLSchema-instance", "@xsi:type": "MandatSimple_Type", "uid": "PM847741", "acteurRef": "PA368", "legislature": null, "typeOrgane": "MINISTERE", "dateDebut": "2024-09-06", "datePublication": "2024-09-06", "dateFin": "2024-12-13", "preseance": "1", "nominPrincipale": "1", "infosQualite": {"codeQualite": "Premier ministre", "libQualite": "Premier ministre", "libQualiteSex": "Premier ministre"}, "organes": {"organeRef": "PO847640"}}]}}}