{"acteur": {"@xmlns": "http://schemas.assemblee-nationale.fr/referentiel", "uid": {"@xmlns:xsi": "http://www.w3.org/2001/XMLSchema-instance", "@xsi:type": "IdActeur_type", "#text": "PA643210"}, "etatCivil": {"ident": {"civ": "M.", "prenom": "S\u00e9bastien", "nom": "Lecornu", "alpha": "Lecornu_sebastien", "trigramme": {"@xmlns:xsi": "http://www.w3.org/2001/XMLSchema-instance", "@xsi:nil": "true"}}, "infoNaissance": {"dateNais": "1986-06-11", "villeNais": {"@xmlns:xsi": "http://www.w3.org/2001/XMLSchema-instance", "@xsi:nil": "true"}, "depNais": {"@xmlns:xsi": "http://www.w3.org/2001/XMLSchema-instance", "@xsi:nil": "true"}, "paysNais": {"@xmlns:xsi": "http://www.w3.org/2001/XMLSchema-instance", "@xsi:nil": "true"}}, "dateDeces": {"@xmlns:xsi": "http://www.w3.org/2001/XMLSchema-instance", "@xsi:nil": "true"}}, "profession": {"libelleCourant": {"@xmlns:xsi": "http://www.w3.org/2001/XMLSchema-instance", "@xsi:nil": "true"}, "socProcINSEE": {"catSocPro": {"@xmlns:xsi": "http://www.w3.org/2001/XMLSchema-instance", "@xsi:nil": "true"}, "famSocPro": {"@xmlns:xsi": "http://www.w3.org/2001/XMLSchema-instance", "@xsi:nil": "true"}}}, "uri_hatvp": {"@xmlns:xsi": "http://www.w3.org/2001/XMLSchema-instance", "@xsi:nil": "true"}, "adresses": {"adresse": {"@xmlns:xsi": "http://www.w3.org/2001/XMLSchema-instance", "@xsi:type": "AdresseSiteWeb_Type", "uid": "AD775398", "type": "23", "typeLibelle": "Url s\u00e9nateur", "poids": null, "adresseDeRattachement": null, "valElec": "https://www.senat.fr/senateur/lecornu_sebastien19265t.html"}}, "mandats": {"mandat": [{"@xmlns:xsi": "http://www.w3.org/2001/XMLSchema-instance", "@xsi:type": "MandatSimple_Type", "uid": "PM15833707", "acteurRef": "PA643210", "legislature": null, "typeOrgane": "GOUVERNEMENT", "dateDebut": "2024-01-12", "datePublication": "2024-01-12", "dateFin": "2024-09-05", "preseance": "50", "nominPrincipale": "1", "infosQualite": {"codeQualite": "membre", "libQualite": "membre", "libQualiteSex": "membre"}, "organes": {"organeRef": "PO833673"}}, {"@xmlns:xsi": "http://www.w3.org/2001/XMLSchema-instance", "@xsi:type": "MandatSimple_Type", "uid": "PM15855137", "acteurRef": "PA643210", "legislature": null, "typeOrgane": "GOUVERNEMENT", "dateDebut": "2024-12-24", "datePublication": "2024-12-24", "dateFin": null, "preseance": "50", "nominPrincipale": "1", "infosQualite": {"codeQualite": "membre", "libQualite": "membre", "libQualiteSex": "membre"}, "organes": {"organeRef": "PO855052"}}, {"@xmlns:xsi": "http://www.w3.org/2001/XMLSchema-instance", "@xsi:type": "MandatSimple_Type", "uid": "PM15847763", "acteurRef": "PA643210", "legislature": null, "typeOrgane": "GOUVERNEMENT", "dateDebut": "2024-09-22", "datePublication": "2024-09-22", "dateFin": "2024-12-13", "preseance": "50", "nominPrincipale": "1", "infosQualite": {"codeQualite": "membre", "libQualite": "membre", "libQualiteSex": "membre"}, "organes": {"organeRef": "PO847639"}}, {"@xmlns:xsi": "http://www.w3.org/2001/XMLSchema-instance", "@xsi:type": "MandatSimple_Type", "uid": "PM855137", "acteurRef": "PA643210", "legislature": null, "typeOrgane": "MINISTERE", "dateDebut": "2024-12-24", "datePublication": "2024-12-24", "dateFin": null, "preseance": "30", "nominPrincipale": "1", "infosQualite": {"codeQualite": "Ministre", "libQualite": "Ministre", "libQualiteSex": "Ministre"}, "organes": {"organeRef": "PO855085"}}, {"@xmlns:xsi": "http://www.w3.org/2001/XMLSchema-instance", "@xsi:type": "MandatSimple_Type", "uid": "PM847763", "acteurRef": "PA643210", "legislature": null, "typeOrgane": "MINISTERE", "dateDebut": "2024-09-22", "datePublication": "2024-09-22", "dateFin": "2024-12-13", "preseance": "30", "nominPrincipale": "1", "infosQualite": {"codeQualite": "Ministre", "libQualite": "Ministre", "libQualiteSex": "Ministre"}, "organes": {"organeRef": "PO847647"}}, {"@xmlns:xsi": "http://www.w3.org/2001/XMLSchema-instance", "@xsi:type": "MandatSimple_Type", "uid": "PM833707", "acteurRef": "PA643210", "legislature": null, "typeOrgane": "MINISTERE", "dateDebut": "2024-01-12", "datePublication": "2024-01-12", "dateFin": "2024-09-05", "preseance": "30", "nominPrincipale": "1", "infosQualite": {"codeQualite": "Ministre", "libQualite": "Ministre", "libQualiteSex": "Ministre"}, "organes": {"organeRef": "PO833681"}}]}}}