{"acteur": {"@xmlns": "http://schemas.assemblee-nationale.fr/referentiel", "uid": {"@xmlns:xsi": "http://www.w3.org/2001/XMLSchema-instance", "@xsi:type": "IdActeur_type", "#text": "PA721336"}, "etatCivil": {"ident": {"civ": "Mme", "prenom": "Blandine", "nom": "Brocard", "alpha": "Brocard", "trigramme": "BBC"}, "infoNaissance": {"dateNais": "1981-11-03", "villeNais": "Strasbourg", "depNais": "Bas-Rhin", "paysNais": "France"}, "dateDeces": {"@xmlns:xsi": "http://www.w3.org/2001/XMLSchema-instance", "@xsi:nil": "true"}}, "profession": {"libelleCourant": "Employ\u00e9e (secteur priv\u00e9)", "socProcINSEE": {"catSocPro": "Employ\u00e9s administratifs d'entreprise", "famSocPro": "Employ\u00e9s"}}, "uri_hatvp": "https://www.hatvp.fr/pages_nominatives/brocard-blandine", "adresses": {"adresse": [{"@xmlns:xsi": "http://www.w3.org/2001/XMLSchema-instance", "@xsi:type": "AdressePostale_Type", "uid": "AD721338", "type": "0", "typeLibelle": "Adresse officielle", "poids": "1", "adresseDeRattachement": null, "intitule": "Assembl\u00e9e nationale,", "numeroRue": "126", "nomRue": "Rue de l'Universit\u00e9,", "complementAdresse": null, "codePostal": "75355", "ville": "Paris 07 SP"}, {"@xmlns:xsi": "http://www.w3.org/2001/XMLSchema-instance", "@xsi:type": "AdresseSiteWeb_Type", "uid": "AD747538", "type": "22", "typeLibelle": "Site internet", "poids": null, "adresseDeRattachement": null, "valElec": "www.blandinebrocard.com"}, {"@xmlns:xsi": "http://www.w3.org/2001/XMLSchema-instance", "@xsi:type": "AdresseTelephonique_Type", "uid": "AD757923", "type": "11", "typeLibelle": "T\u00e9l\u00e9phone", "poids": "1", "adresseDeRattachement": "AD721338", "valElec": "01.40.63.69.24"}, {"@xmlns:xsi": "http://www.w3.org/2001/XMLSchema-instance", "@xsi:type": "AdresseSiteWeb_Type", "uid": "AD799299", "type": "25", "typeLibelle": "Facebook", "poids": null, "adresseDeRattachement": null, "valElec": "bbrocard"}, {"@xmlns:xsi": "http://www.w3.org/2001/XMLSchema-instance", "@xsi:type": "AdresseSiteWeb_Type", "uid": "AD799303", "type": "29", "typeLibelle": "Instagram", "poids": null, "adresseDeRattachement": null, "valElec": "blandine.brocard"}, {"@xmlns:xsi": "http://www.w3.org/2001/XMLSchema-instance", "@xsi:type": "AdresseSiteWeb_Type", "uid": "AD799317", "type": "24", "typeLibelle": "Twitter", "poids": null, "adresseDeRattachement": null, "valElec": "@bbrocard"}, {"@xmlns:xsi": "http://www.w3.org/2001/XMLSchema-instance", "@xsi:type": "AdresseMail_Type", "uid": "AD799359", "type": "15", "typeLibelle": "M\u00e8l", "poids": null, "adresseDeRattachement": null, "valElec": "contact@blandinebrocard.com"}, {"@xmlns:xsi": "http://www.w3.org/2001/XMLSchema-instance", "@xsi:type": "AdresseMail_Type", "uid": "AD799363", "type": "15", "typeLibelle": "M\u00e8l", "poids": null, "adresseDeRattachement": null, "valElec": "Blandine.Brocard@assemblee-nationale.fr"}]}, "mandats": {"mandat": [{"@xmlns:xsi": "http://www.w3.org/2001/XMLSchema-instance", "@xsi:type": "MandatAvecSuppleant_Type", "uid": "PM848238", "acteurRef": "PA721336", "legislature": "17", "typeOrgane": "COMNL", "dateDebut": "2024-10-03", "datePublication": "2024-10-04", "dateFin": null, "preseance": "16", "nominPrincipale": "1", "infosQualite": {"codeQualite": "Secr\u00e9taire", "libQualite": "Secr\u00e9taire", "libQualiteSex": "Secr\u00e9taire"}, "organes": {"organeRef": "PO420375"}, "suppleants": null}, {"@xmlns:xsi": "http://www.w3.org/2001/XMLSchema-instance", "@xsi:type": "MandatAvecSuppleant_Type", "uid": "PM848150", "acteurRef": "PA721336", "legislature": "17", "typeOrgane": "COMNL", "dateDebut": "2024-10-02", "datePublication": "2024-10-02", "dateFin": "2024-10-02", "preseance": "20", "nominPrincipale": "1", "infosQualite": {"codeQualite": "Membre", "libQualite": "Membre", "libQualiteSex": "Membre"}, "organes": {"organeRef": "PO415287"}, "suppleants": null}, {"@xmlns:xsi": "http://www.w3.org/2001/XMLSchema-instance", "@xsi:type": "MandatAvecSuppleant_Type", "uid": "PM847361", "acteurRef": "PA721336", "legislature": "17", "typeOrgane": "COMNL", "dateDebut": "2024-09-20", "datePublication": "2024-09-20", "dateFin": null, "preseance": "20", "nominPrincipale": "0", "infosQualite": {"codeQualite": "Membre", "libQualite": "Membre", "libQualiteSex": "Membre"}, "organes": {"organeRef": "PO420375"}, "suppleants": null}, {"@xmlns:xsi": "http://www.w3.org/2001/XMLSchema-instance", "@xsi:type": "MandatSimple_Type", "uid": "PM862339", "acteurRef": "PA721336", "legislature": "17", "typeOrgane": "GEVI", "dateDebut": "2025-02-04", "datePublication": null, "dateFin": null, "preseance": "20", "nominPrincipale": "1", "infosQualite": {"codeQualite": "Membre", "libQualite": "Membre", "libQualiteSex": "Membre"}, "organes": {"organeRef": "PO851971"}}, {"@xmlns:xsi": "http://www.w3.org/2001/XMLSchema-instance", "@xsi:type": "MandatSimple_Type", "uid": "PM852636", "acteurRef": "PA721336", "legislature": null, "typeOrgane": "PARPOL", "dateDebut": "2024-12-04", "datePublication": "2024-12-04", "dateFin": null, "preseance": "5", "nominPrincipale": "1", "infosQualite": {"codeQualite": "Membre", "libQualite": "Membre", "libQualiteSex": "Membre"}, "organes": {"organeRef": "PO833003"}}, {"@xmlns:xsi": "http://www.w3.org/2001/XMLSchema-instance", "@xsi:type": "MandatSimple_Type", "uid": "PM853222", "acteurRef": "PA721336", "legislature": "17", "typeOrgane": "ORGEXTPARL", "dateDebut": "2024-12-06", "datePublication": "2024-12-07", "dateFin": null, "preseance": "20", "nominPrincipale": "1", "infosQualite": {"codeQualite": "Titulaire", "libQualite": "Membre titulaire", "libQualiteSex": "Membre titulaire"}, "organes": {"organeRef": "PO717436"}}, {"@xmlns:xsi": "http://www.w3.org/2001/XMLSchema-instance", "@xsi:type": "MandatSimple_Type", "uid": "PM850995", "acteurRef": "PA721336", "legislature": "17", "typeOrgane": "ORGEXTPARL", "dateDebut": "2024-11-06", "datePublication": "2024-11-07", "dateFin": null, "preseance": "20", "nominPrincipale": "1", "infosQualite": {"codeQualite": "Titulaire", "libQualite": "Membre titulaire", "libQualiteSex": "Membre titulaire"}, "organes": {"organeRef": "PO717331"}}, {"@xmlns:xsi": "http://www.w3.org/2001/XMLSchema-instance", "@xsi:type": "MandatSimple_Type", "uid": "PM845707", "acteurRef": "PA721336", "legislature": "17", "typeOrgane": "GP", "dateDebut": "2024-07-19", "datePublication": "2024-07-19", "dateFin": null, "preseance": "20", "nominPrincipale": "1", "infosQualite": {"codeQualite": "Membre", "libQualite": "Membre du", "libQualiteSex": "Membre du"}, "organes": {"organeRef": "PO845454"}}, {"@xmlns:xsi": "http://www.w3.org/2001/XMLSchema-instance", "@xsi:type": "MandatSimple_Type", "uid": "PM867769", "acteurRef": "PA721336", "legislature": "17", "typeOrgane": "CMP", "dateDebut": "2025-03-26", "datePublication": "2025-03-28", "dateFin": "2025-04-08", "preseance": "20", "nominPrincipale": "1", "infosQualite": {"codeQualite": "Titulaire", "libQualite": "Membre titulaire", "libQualiteSex": "Membre titulaire"}, "organes": {"organeRef": "PO867651"}}, {"@xmlns:xsi": "http://www.w3.org/2001/XMLSchema-instance", "@xsi:type": "MandatSimple_Type", "uid": "PM871831", "acteurRef": "PA721336", "legislature": "17", "typeOrgane": "COMPER", "dateDebut": "2025-06-28", "datePublication": "2025-06-28", "dateFin": "2025-07-08", "preseance": "32", "nominPrincipale": "1", "infosQualite": {"codeQualite": "Membre", "libQualite": "Membre", "libQualiteSex": "Membre"}, "organes": {"organeRef": "PO59051"}}, {"@xmlns:xsi": "http://www.w3.org/2001/XMLSchema-instance", "@xsi:type": "MandatSimple_Type", "uid": "PM871230", "acteurRef": "PA721336", "legislature": "17", "typeOrgane": "COMPER", "dateDebut": "2025-06-14", "datePublication": "2025-06-14", "dateFin": "2025-06-16", "preseance": "32", "nominPrincipale": "1", "infosQualite": {"codeQualite": "Membre", "libQualite": "Membre", "libQualiteSex": "Membre"}, "organes": {"organeRef": "PO59047"}}, {"@xmlns:xsi": "http://www.w3.org/2001/XMLSchema-instance", "@xsi:type": "MandatSimple_Type", "uid": "PM846793", "acteurRef": "PA721336", "legislature": "17", "typeOrgane": "COMPER", "dateDebut": "2024-07-23", "datePublication": "2024-07-23", "dateFin": "2025-02-18", "preseance": "32", "nominPrincipale": "1", "infosQualite": {"codeQualite": "Membre", "libQualite": "Membre", "libQualiteSex": "Membre"}, "organes": {"organeRef": "PO59051"}}, {"@xmlns:xsi": "http://www.w3.org/2001/XMLSchema-instance", "@xsi:type": "MandatSimple_Type", "uid": "PM846581", "acteurRef": "PA721336", "legislature": "17", "typeOrgane": "COMPER", "dateDebut": "2024-07-20", "datePublication": "2024-07-20", "dateFin": "2024-07-22", "preseance": "32", "nominPrincipale": "1", "infosQualite": {"codeQualite": "Membre", "libQualite": "Membre", "libQualiteSex": "Membre"}, "organes": {"organeRef": "PO59048"}}, {"@xmlns:xsi": "http://www.w3.org/2001/XMLSchema-instance", "@xsi:type": "MandatSimple_Type", "uid": "PM871572", "acteurRef": "PA721336", "legislature": "17", "typeOrgane": "COMPER", "dateDebut": "2025-06-21", "datePublication": "2025-06-21", "dateFin": "2025-06-27", "preseance": "32", "nominPrincipale": "1", "infosQualite": {"codeQualite": "Membre", "libQualite": "Membre", "libQualiteSex": "Membre"}, "organes": {"organeRef": "PO420120"}}, {"@xmlns:xsi": "http://www.w3.org/2001/XMLSchema-instance", "@xsi:type": "MandatSimple_Type", "uid": "PM872517", "acteurRef": "PA721336", "legislature": "17", "typeOrgane": "COMPER", "dateDebut": "2025-07-09", "datePublication": "2025-07-09", "dateFin": "2025-07-09", "preseance": "32", "nominPrincipale": "1", "infosQualite": {"codeQualite": "Membre", "libQualite": "Membre", "libQualiteSex": "Membre"}, "organes": {"organeRef": "PO420120"}}, {"@xmlns:xsi": "http://www.w3.org/2001/XMLSchema-instance", "@xsi:type": "MandatSimple_Type", "uid": "PM872556", "acteurRef": "PA721336", "legislature": "17", "typeOrgane": "COMPER", "dateDebut": "2025-07-10", "datePublication": "2025-07-10", "dateFin": null, "preseance": "32", "nominPrincipale": "1", "infosQualite": {"codeQualite": "Membre", "libQualite": "Membre", "libQualiteSex": "Membre"}, "organes": {"organeRef": "PO59051"}}, {"@xmlns:xsi": "http://www.w3.org/2001/XMLSchema-instance", "@xsi:type": "MandatSimple_Type", "uid": "PM867224", "acteurRef": "PA721336", "legislature": "17", "typeOrgane": "COMPER", "dateDebut": "2025-03-19", "datePublication": "2025-03-19", "dateFin": "2025-03-19", "preseance": "32", "nominPrincipale": "1", "infosQualite": {"codeQualite": "Membre", "libQualite": "Membre", "libQualiteSex": "Membre"}, "organes": {"organeRef": "PO419604"}}, {"@xmlns:xsi": "http://www.w3.org/2001/XMLSchema-instance", "@xsi:type": "MandatSimple_Type", "uid": "PM867452", "acteurRef": "PA721336", "legislature": "17", "typeOrgane": "COMPER", "dateDebut": "2025-03-20", "datePublication": "2025-03-20", "dateFin": "2025-03-25", "preseance": "32", "nominPrincipale": "1", "infosQualite": {"codeQualite": "Membre", "libQualite": "Membre", "libQualiteSex": "Membre"}, "organes": {"organeRef": "PO59051"}}, {"@xmlns:xsi": "http://www.w3.org/2001/XMLSchema-instance", "@xsi:type": "MandatSimple_Type", "uid": "PM865202", "acteurRef": "PA721336", "legislature": "17", "typeOrgane": "COMPER", "dateDebut": "2025-02-19", "datePublication": "2025-02-19", "dateFin": "2025-02-19", "preseance": "32", "nominPrincipale": "1", "infosQualite": {"codeQualite": "Membre", "libQualite": "Membre", "libQualiteSex": "Membre"}, "organes": {"organeRef": "PO419610"}}, {"@xmlns:xsi": "http://www.w3.org/2001/XMLSchema-instance", "@xsi:type": "MandatSimple_Type", "uid": "PM867853", "acteurRef": "PA721336", "legislature": "17", "typeOrgane": "COMPER", "dateDebut": "2025-03-28", "datePublication": "2025-03-28", "dateFin": "2025-06-13", "preseance": "32", "nominPrincipale": "1", "infosQualite": {"codeQualite": "Membre", "libQualite": "Membre", "libQualiteSex": "Membre"}, "organes": {"organeRef": "PO59051"}}, {"@xmlns:xsi": "http://www.w3.org/2001/XMLSchema-instance", "@xsi:type": "MandatSimple_Type", "uid": "PM867602", "acteurRef": "PA721336", "legislature": "17", "typeOrgane": "COMPER", "dateDebut": "2025-03-26", "datePublication": "2025-03-26", "dateFin": "2025-03-27", "preseance": "32", "nominPrincipale": "1", "infosQualite": {"codeQualite": "Membre", "libQualite": "Membre", "libQualiteSex": "Membre"}, "organes": {"organeRef": "PO419604"}}, {"@xmlns:xsi": "http://www.w3.org/2001/XMLSchema-instance", "@xsi:type": "MandatSimple_Type", "uid": "PM871316", "acteurRef": "PA721336", "legislature": "17", "typeOrgane": "COMPER", "dateDebut": "2025-06-17", "datePublication": "2025-06-17", "dateFin": "2025-06-20", "preseance": "32", "nominPrincipale": "1", "infosQualite": {"codeQualite": "Membre", "libQualite": "Membre", "libQualiteSex": "Membre"}, "organes": {"organeRef": "PO59051"}}, {"@xmlns:xsi": "http://www.w3.org/2001/XMLSchema-instance", "@xsi:type": "MandatSimple_Type", "uid": "PM865459", "acteurRef": "PA721336", "legislature": "17", "typeOrgane": "COMPER", "dateDebut": "2025-02-20", "datePublication": "2025-02-20", "dateFin": "2025-03-18", "preseance": "32", "nominPrincipale": "1", "infosQualite": {"codeQualite": "Membre", "libQualite": "Membre", "libQualiteSex": "Membre"}, "organes": {"organeRef": "PO59051"}}, {"@xmlns:xsi": "http://www.w3.org/2001/XMLSchema-instance", "@xsi:type": "MandatSimple_Type", "uid": "PM862374", "acteurRef": "PA721336", "legislature": "17", "typeOrgane": "GE", "dateDebut": "2025-02-04", "datePublication": null, "dateFin": null, "preseance": "20", "nominPrincipale": "1", "infosQualite": {"codeQualite": "Membre", "libQualite": "Membre", "libQualiteSex": "Membre"}, "organes": {"organeRef": "PO854471"}}, {"@xmlns:xsi": "http://www.w3.org/2001/XMLSchema-instance", "@xsi:type": "MandatSimple_Type", "uid": "PM862341", "acteurRef": "PA721336", "legislature": "17", "typeOrgane": "GE", "dateDebut": "2025-02-04", "datePublication": null, "dateFin": null, "preseance": "20", "nominPrincipale": "1", "infosQualite": {"codeQualite": "Membre", "libQualite": "Membre", "libQualiteSex": "Membre"}, "organes": {"organeRef": "PO854359"}}, {"@xmlns:xsi": "http://www.w3.org/2001/XMLSchema-instance", "@xsi:type": "MandatSimple_Type", "uid": "PM862343", "acteurRef": "PA721336", "legislature": "17", "typeOrgane": "GE", "dateDebut": "2025-02-04", "datePublication": null, "dateFin": null, "preseance": "20", "nominPrincipale": "1", "infosQualite": {"codeQualite": "Membre", "libQualite": "Membre", "libQualiteSex": "Membre"}, "organes": {"organeRef": "PO854333"}}, {"@xmlns:xsi": "http://www.w3.org/2001/XMLSchema-instance", "@xsi:type": "MandatSimple_Type", "uid": "PM862375", "acteurRef": "PA721336", "legislature": "17", "typeOrgane": "GE", "dateDebut": "2025-02-04", "datePublication": null, "dateFin": null, "preseance": "20", "nominPrincipale": "1", "infosQualite": {"codeQualite": "Membre", "libQualite": "Membre", "libQualiteSex": "Membre"}, "organes": {"organeRef": "PO854555"}}, {"@xmlns:xsi": "http://www.w3.org/2001/XMLSchema-instance", "@xsi:type": "MandatSimple_Type", "uid": "PM862342", "acteurRef": "PA721336", "legislature": "17", "typeOrgane": "GE", "dateDebut": "2025-02-04", "datePublication": null, "dateFin": null, "preseance": "20", "nominPrincipale": "1", "infosQualite": {"codeQualite": "Membre", "libQualite": "Membre", "libQualiteSex": "Membre"}, "organes": {"organeRef": "PO854385"}}, {"@xmlns:xsi": "http://www.w3.org/2001/XMLSchema-instance", "@xsi:type": "MandatSimple_Type", "uid": "PM862377", "acteurRef": "PA721336", "legislature": "17", "typeOrgane": "GE", "dateDebut": "2025-02-04", "datePublication": null, "dateFin": null, "preseance": "20", "nominPrincipale": "1", "infosQualite": {"codeQualite": "Membre", "libQualite": "Membre", "libQualiteSex": "Membre"}, "organes": {"organeRef": "PO854189"}}, {"@xmlns:xsi": "http://www.w3.org/2001/XMLSchema-instance", "@xsi:type": "MandatSimple_Type", "uid": "PM862372", "acteurRef": "PA721336", "legislature": "17", "typeOrgane": "GE", "dateDebut": "2025-02-04", "datePublication": null, "dateFin": null, "preseance": "20", "nominPrincipale": "1", "infosQualite": {"codeQualite": "Membre", "libQualite": "Membre", "libQualiteSex": "Membre"}, "organes": {"organeRef": "PO854454"}}, {"@xmlns:xsi": "http://www.w3.org/2001/XMLSchema-instance", "@xsi:type": "MandatSimple_Type", "uid": "PM843282", "acteurRef": "PA721336", "legislature": "17", "typeOrgane": "GP", "dateDebut": "2024-07-08", "datePublication": null, "dateFin": "2024-07-18", "preseance": "28", "nominPrincipale": "1", "infosQualite": {"codeQualite": "D\u00e9put\u00e9 non-inscrit", "libQualite": "D\u00e9put\u00e9 non-inscrit", "libQualiteSex": "D\u00e9put\u00e9e non-inscrite"}, "organes": {"organeRef": "PO840056"}}, {"@xmlns:xsi": "http://www.w3.org/2001/XMLSchema-instance", "@xsi:type": "MandatParlementaire_type", "uid": "PM843281", "acteurRef": "PA721336", "legislature": "17", "typeOrgane": "ASSEMBLEE", "dateDebut": "2024-07-07", "datePublication": null, "dateFin": null, "preseance": "50", "nominPrincipale": "1", "infosQualite": {"codeQualite": "membre", "libQualite": "membre", "libQualiteSex": "membre"}, "organes": {"organeRef": "PO838901"}, "suppleants": {"suppleant": {"dateDebut": "2024-07-07", "dateFin": null, "suppleantRef": "PA841725"}}, "chambre": null, "election": {"lieu": {"region": "Auvergne-Rh\u00f4ne-Alpes", "regionType": "M\u00e9tropolitain", "departement": "Rh\u00f4ne", "numDepartement": "69", "numCirco": "5"}, "causeMandat": "\u00e9lections g\u00e9n\u00e9rales", "refCirconscription": "PO839753"}, "mandature": {"datePriseFonction": "2024-07-08", "causeFin": null, "premiereElection": "1", "placeHemicycle": "343", "mandatRemplaceRef": null}, "collaborateurs": {"collaborateur": [{"qualite": "M.", "prenom": "Olivier", "nom": "Perrot", "dateDebut": null, "dateFin": null}, {"qualite": "Mme", "prenom": "B\u00e9atrice", "nom": "Moderne", "dateDebut": null, "dateFin": null}, {"qualite": "Mme", "prenom": "C\u00e9line", "nom": "Lewandowski", "dateDebut": null, "dateFin": null}, {"qualite": "M.", "prenom": "Math\u00e9o", "nom": "Rivi\u00e8re", "dateDebut": null, "dateFin": null}]}}]}}}