{"acteur": {"@xmlns": "http://schemas.assemblee-nationale.fr/referentiel", "uid": {"@xmlns:xsi": "http://www.w3.org/2001/XMLSchema-instance", "@xsi:type": "IdActeur_type", "#text": "PA827938"}, "etatCivil": {"ident": {"civ": "Mme", "prenom": "Agn\u00e8s", "nom": "Evren", "alpha": "Evren_agn\u00e8s", "trigramme": {"@xmlns:xsi": "http://www.w3.org/2001/XMLSchema-instance", "@xsi:nil": "true"}}, "infoNaissance": {"dateNais": "1970-12-27", "villeNais": {"@xmlns:xsi": "http://www.w3.org/2001/XMLSchema-instance", "@xsi:nil": "true"}, "depNais": {"@xmlns:xsi": "http://www.w3.org/2001/XMLSchema-instance", "@xsi:nil": "true"}, "paysNais": {"@xmlns:xsi": "http://www.w3.org/2001/XMLSchema-instance", "@xsi:nil": "true"}}, "dateDeces": {"@xmlns:xsi": "http://www.w3.org/2001/XMLSchema-instance", "@xsi:nil": "true"}}, "profession": {"libelleCourant": {"@xmlns:xsi": "http://www.w3.org/2001/XMLSchema-instance", "@xsi:nil": "true"}, "socProcINSEE": {"catSocPro": {"@xmlns:xsi": "http://www.w3.org/2001/XMLSchema-instance", "@xsi:nil": "true"}, "famSocPro": {"@xmlns:xsi": "http://www.w3.org/2001/XMLSchema-instance", "@xsi:nil": "true"}}}, "uri_hatvp": {"@xmlns:xsi": "http://www.w3.org/2001/XMLSchema-instance", "@xsi:nil": "true"}, "adresses": {"adresse": {"@xmlns:xsi": "http://www.w3.org/2001/XMLSchema-instance", "@xsi:type": "AdresseSiteWeb_Type", "uid": "AD828074", "type": "23", "typeLibelle": "Url s\u00e9nateur", "poids": null, "adresseDeRattachement": null, "valElec": "https://www.senat.fr/senateur/evren_agnes21091k.html"}}, "mandats": {"mandat": [{"@xmlns:xsi": "http://www.w3.org/2001/XMLSchema-instance", "@xsi:type": "MandatSimple_Type", "uid": "PM830400", "acteurRef": "PA827938", "legislature": null, "typeOrgane": "DELEGSENAT", "dateDebut": "2023-10-18", "datePublication": null, "dateFin": null, "preseance": null, "nominPrincipale": "1", "infosQualite": {"codeQualite": null, "libQualite": "Secr\u00e9taire", "libQualiteSex": null}, "organes": {"organeRef": "PO310693"}}, {"@xmlns:xsi": "http://www.w3.org/2001/XMLSchema-instance", "@xsi:type": "MandatSimple_Type", "uid": "PM828650", "acteurRef": "PA827938", "legislature": null, "typeOrgane": "GROUPESENAT", "dateDebut": "2023-10-03", "datePublication": null, "dateFin": null, "preseance": "4", "nominPrincipale": "1", "infosQualite": {"codeQualite": "Membre", "libQualite": "Membre", "libQualiteSex": "Membre du"}, "organes": {"organeRef": "PO286005"}}, {"@xmlns:xsi": "http://www.w3.org/2001/XMLSchema-instance", "@xsi:type": "MandatSimple_Type", "uid": "PM828648", "acteurRef": "PA827938", "legislature": null, "typeOrgane": "COMSENAT", "dateDebut": "2023-10-04", "datePublication": null, "dateFin": null, "preseance": "10", "nominPrincipale": "1", "infosQualite": {"codeQualite": "Membre", "libQualite": "Membre", "libQualiteSex": "Membre"}, "organes": {"organeRef": "PO211490"}}, {"@xmlns:xsi": "http://www.w3.org/2001/XMLSchema-instance", "@xsi:type": "MandatParlementaire_type", "uid": "PM828646", "acteurRef": "PA827938", "legislature": null, "typeOrgane": "SENAT", "dateDebut": "2023-10-02", "datePublication": null, "dateFin": null, "preseance": "20", "nominPrincipale": "1", "infosQualite": {"codeQualite": "S\u00e9nateur", "libQualite": "SENATEUR", "libQualiteSex": "S\u00e9nateur 5\u00e8me R\u00e9publique"}, "organes": {"organeRef": "PO78718"}, "suppleants": null, "chambre": null, "election": {"lieu": {"region": null, "regionType": null, "departement": null, "numDepartement": "75", "numCirco": null}, "causeMandat": null}, "mandature": {"datePriseFonction": null, "causeFin": null, "premiereElection": "0", "placeHemicycle": null, "mandatRemplaceRef": null}, "collaborateurs": null}, {"@xmlns:xsi": "http://www.w3.org/2001/XMLSchema-instance", "@xsi:type": "MandatSimple_Type", "uid": "PM869906", "acteurRef": "PA827938", "legislature": null, "typeOrgane": "CMP", "dateDebut": "2025-05-21", "datePublication": "2025-05-22", "dateFin": "2025-07-02", "preseance": "28", "nominPrincipale": "1", "infosQualite": {"codeQualite": "Suppl\u00e9ant", "libQualite": "Membre suppl\u00e9ant", "libQualiteSex": "Membre suppl\u00e9ante"}, "organes": {"organeRef": "PO869346"}}]}}}